,customer_id,name,email,phone_number
0,69d07905-542b-4c83-9ec3-9c02f61c5c30,Dr. Shawn Sutton,ralvarado@example.net,(268)739-8688
1,8acff1f2-b02a-4bf5-bf35-157e3d26d16c,Gavin Garcia,whitney07@example.net,001-702-203-6708x482
2,cbfa554e-ac86-4303-8fbc-631e8ef61a8b,Kimberly Cabrera,abigail44@example.com,+1-368-641-3129
3,fd1318a8-ea43-43b0-b7c1-7105edcf81b6,Rachel Garcia,sherryhernandez@example.net,+1-742-448-9325x648
4,875d53d2-e3b0-4319-8950-2ec787fd47cc,Danielle Day,bailey67@example.com,001-900-207-8165x9660
5,c3aa280c-4ae0-4585-9c49-16a56588b817,Kimberly Jensen,yhughes@example.com,548.892.2300
6,249f4c68-868c-453e-8f27-2702db6539e2,Colton Mueller,zbrown@example.org,7816873522
7,e43b932b-a370-4619-960d-8173efdf1991,Anthony Butler,mcgeecarolyn@example.com,(975)290-1567x4087
8,baa760c7-6846-45b3-b3f8-714783e3baac,Clinton Stephenson,johnhart@example.net,739-753-6393x9926
9,039011c7-552d-43dd-84ff-68e4591cab01,Dana Barnes,wsanchez@example.com,(866)908-5115
10,e2d19adb-b261-4e96-896a-5faa18f85274,Angela Williams,jenniferflynn@example.net,+1-304-364-5924x98434
11,347bb21c-78c0-4cb3-975b-f80c9fd99101,Stacy Davis,sarahhunt@example.net,484.295.1666
12,3f305cb1-1c9e-430d-91cc-748983125e53,Cody Brady,joyce03@example.net,+1-942-985-0321x314
13,309c799e-2509-4f76-9ece-67e6d76bd4e3,Vincent Edwards,lindawarren@example.org,+1-959-815-4646
14,577c3eff-bc1a-4287-9bb4-914cfff5bdf7,Rachel Beasley,tdavis@example.org,783.755.0654
15,ccaeb9dc-02aa-4c84-b149-ce881385ba4f,Christine Price,jeremy76@example.org,+1-880-551-4922x6373
16,dbd55a33-b38a-41f2-b199-54ba41e043ba,Kyle Simmons,zgarcia@example.com,(468)873-2633x12858
17,077aea8a-a3c4-4d6f-8bbf-f4e20ae43506,Daniel Scott,amy97@example.org,+1-251-937-4645x685
18,cd52f993-c65e-4f86-9ec7-c8999b349ec5,Jacob Wolfe,kimberlygoodman@example.com,744.407.2233
19,d0d9218e-55e7-4892-bcac-18d560babe01,Chase Decker,alexandra26@example.net,+1-842-654-5523x5163
20,9c09d905-def5-4b28-acb8-b653f158d7a0,Martha Schmitt,nwebb@example.org,367.582.1604x06388
21,0163d1ef-e1a6-4e04-8f59-61f1b91387cd,William Young,whitney69@example.com,001-484-947-3747
22,dda07d6d-732b-459b-8d0f-b33802e96742,Elizabeth Jones,vcarter@example.net,(708)296-5159x1421
23,9415020f-b547-4d80-8d5f-de3a0f5bd1c4,Monica Sanchez,justin95@example.com,+1-755-916-2622x087
24,ccb6aa71-cbf9-4964-a032-8efaaa51cd38,Thomas Burke,seth22@example.org,588-818-4372
25,06e762fb-aefc-4ab9-b3a9-6dda9c813464,Michelle White,perkinsstacey@example.net,857.306.8272
26,4be784e4-a3d2-4217-8589-12906be4cbfe,Nicole Brown,robert19@example.com,233.694.9347x81305
27,de9c3d4b-0200-4103-ac30-104abfb615b4,Amanda Rice,hillmadison@example.org,474.352.0546
28,282eed12-7261-4ba3-990d-f329c6a6b963,Samuel Tanner,johnny86@example.com,325-788-2344x505
29,06975720-ae49-41d7-8412-d86507f541c4,Amy Henderson,jessica60@example.org,561-400-6757x95623
30,8a18dc89-1fa4-472d-99b8-09ec31faaac1,Michael Johnson,lopezcarol@example.com,8239764587
31,3526e7f7-b33d-4ea4-827f-d78ab147ffb6,Michelle Rodriguez,rosskaitlyn@example.com,981-741-2066x590
32,66118716-79ee-4187-ac50-acb3db26b6fc,Cathy Jarvis,michaelbutler@example.com,001-281-691-9245
33,cb6bf5de-b5b8-42df-a7c5-794b330f61e7,Jerry Wang,williamgonzales@example.com,571-217-9457x386
34,469be542-adfa-4973-ad61-c347f5c12b68,Stephanie Watkins,bonniecisneros@example.com,001-444-313-9886x757
35,4d98b380-256f-48e3-8d72-8f1b3a669ad1,Bryan Parks,wongpaula@example.com,+1-705-231-6807x161
36,b630836e-8e93-4c1a-9ba0-ee88094cd92d,Jamie Ross,alexisreed@example.org,+1-468-395-9625x658
37,76bcb6af-8e77-4db1-9e35-c23c606f2a19,Thomas Hodges,mharper@example.net,001-632-358-0826
38,8a59ab08-6af1-4257-8a6f-c19e86fb1e8b,Jennifer Glover,barbaraarnold@example.com,(495)647-0649
39,905fbc7d-f7e6-4d34-84f0-0081cf12c358,Michael Black,iconley@example.com,(848)204-9141x35643
40,c8d01893-2727-4553-84ef-e54f75cd3035,Whitney Roberts DDS,moorejennifer@example.org,+1-658-210-6302x607
41,1a32ac22-8224-4b4f-93a3-42ad1ba4760f,Caroline Stout,sherihoward@example.com,001-753-798-9589x48951
42,df0ed02d-afcc-4f51-b355-8bf8993942d0,Sean Hunter,snowstephanie@example.org,461.825.1314
43,eebdf82a-e42f-4ac7-bf23-84ba0f308237,Jamie Olson,donald89@example.org,(634)699-4821x37991
44,926f5d2c-42ab-479d-ab5b-030a328b4e82,Sheryl Coleman,philipgibbs@example.org,668-647-0341x986
45,098529ae-d13d-497f-af7d-38644c7f006f,Matthew Kaufman,bheath@example.com,395-662-1194x98571
46,04bd7d9d-7be5-487e-ad5d-b7c77375c1fa,Jason Mills,ryanfrench@example.org,001-882-889-2481x340
47,a947d18e-77fa-477f-9ae8-6dd19c57ef50,Cynthia Hardin,wporter@example.net,+1-781-470-4989x2280
48,8a55ee24-e6aa-4e3f-8327-1f3bdd0f2b30,Edward Thomas,taylorsharon@example.com,(356)906-5001
49,271d70a2-6f10-48de-a2a0-41295157eb28,Meghan White,courtney40@example.org,(894)601-5590x6522
50,a9af9bbe-a795-4766-a208-b45362824931,Wyatt Martin,chavezbenjamin@example.org,(823)889-6414
51,2385bda8-1674-4b13-a666-7a2a1ab34595,Kayla Sweeney,juanjuarez@example.net,545.265.7072
52,75a40710-62b9-4eb5-a86e-db2282c47dfd,Shaun Adams,ubaker@example.net,(903)282-0490x0080
53,21290b28-9465-4f97-9120-32eb10eec109,David Gallagher,kathy89@example.net,+1-943-753-3403x160
54,566f5d07-69af-498a-a973-d6fe57d583cb,Samantha Park,sarah28@example.org,(744)453-4451
55,e125ae1c-49e3-4329-9703-7986e6c72f84,Karen Allen,imiller@example.org,738.996.8825x98398
56,7e65f2b9-27c2-449e-ab65-844726594c3f,Rebecca Padilla,lcastaneda@example.org,441-493-7897x586
57,067a3211-2ef2-4afb-b746-29c5a1923c83,Regina Hines,kimalyssa@example.net,001-710-315-7930x3297
58,7e1dd697-b81d-4332-abbf-167439b91f64,James Yang,monicachavez@example.net,840-458-9176x267
59,47d0159c-13db-489a-aa9d-34421ebcdde7,William Clark,nmatthews@example.net,818-767-8968
60,06c4aa8b-a5b8-44f1-9293-211de62417cc,Victoria Fitzgerald,bhanna@example.com,585-466-2981x9711
61,75e007c1-1f9f-47d4-a7ea-499dd93c29c6,Cathy Shepherd,daniel03@example.com,5332785039
62,68a7ed5c-4db3-42b9-9b5c-7141d685619b,Laurie Wright,brett86@example.com,(287)890-0367x31569
63,85b40a5b-44f4-41a9-86f3-90d0bdce3f96,Chloe Cabrera,elizabeth92@example.com,868.586.7223x615
64,63421b1c-34be-471c-98c1-992d60042fc4,Michelle Moran,sandra77@example.org,+1-799-288-4183x4554
65,dd22bf3b-6335-45ba-a031-5435ad2950a6,Alexander Smith,jeffrey13@example.com,(612)467-3619x7827
66,2d9a1b51-5d33-400d-86ed-f1353ef02089,Andre Estrada,jonathan62@example.org,+1-953-258-0697x8940
67,5150e9c1-9775-49cf-9e91-4b9e8821f594,Megan Schneider,athompson@example.org,+1-459-922-0042x4933
68,dcff3c59-a290-44c7-945d-d49faf5be927,Jacob Daniels,kirbydeborah@example.net,001-862-761-8301
69,fca784ae-de73-400b-a4de-03b11971f7bc,Gina Knight,collinsjohn@example.org,706.565.7989x47218
70,ee79ee04-6253-419d-bb81-2c6791c1dc3d,Peter Lewis,jeffreybarron@example.net,(316)607-2509
71,837b91ee-88f9-4efa-930b-950773b74d80,Matthew Smith,rebeccabrown@example.net,788.391.6523x027
72,f8ac3da3-dbaf-455b-9d14-373f1230951d,Tamara Jones,jason31@example.com,401.606.3849x3141
73,66ab392d-64f0-4937-b39a-f10036650ee8,Michael Johnson,crystalcollins@example.net,+1-757-201-8959x486
74,314120b3-2cb2-4311-a70f-3b14101016be,Jack Clayton MD,courtneycurtis@example.net,+1-778-473-3245x972
75,93d0b62c-9ea0-4fea-a15f-ad7f301cec8d,Ashley Rice,qbarnes@example.com,960.680.6757x2170
76,6ad3e564-e519-43c6-900c-bc0cc1739d26,Jeffrey Daugherty,hamiltonsteven@example.net,+1-696-808-8077x25629
77,c1affafc-629c-403b-8eab-9b9bc39e3c03,Mark Phillips,yandrews@example.com,(441)359-1798
78,1f789407-c155-4166-9c10-7db839a89c33,Mary Mckay,sheilabolton@example.net,001-319-365-3634x14935
79,54adbec2-ad94-477c-b604-9edfa910f75c,Tammy Hall,rjones@example.com,+1-537-467-1820x39927
80,0baf82ba-b0ee-47e8-8bae-113f4e2b16c0,Aaron Hoffman Jr.,austin53@example.net,2203876495
81,61f90911-e9d4-4e54-b6b5-fbaa1d3d4a5b,Kelly Herring,martinezdonna@example.com,881.476.1221
82,9413cbd2-b3c4-468a-94a2-a64788892fab,Barry Hill,csmith@example.org,(736)961-5228x772
83,ec7701d6-cce7-4401-957b-68041446311d,Connie Brooks,antoniocarter@example.org,221.433.6893
84,ece05dde-987b-4f5c-a767-994c7afce28a,Amy Ramirez,joshua39@example.org,951-258-4188x76476
85,cd8413cb-2b0a-42b6-bdd0-9ff9ea667a2e,Paul Howard,garyreed@example.org,448-376-5987
86,896f4d8c-d8cd-4a77-b157-555b80357f21,Samuel Sanchez,tinajohnson@example.com,+1-743-983-3728x177
87,fd1d924f-5b67-4191-a891-87a07d60745a,George Huerta,petersamy@example.com,825.925.7651x46940
88,49d0886b-8394-4a9b-9aba-3547aac6f4eb,Jose Knight,dawn44@example.com,+1-728-487-8613
89,0dd28311-7ec2-4627-8305-7fae30e0d007,Arthur Brown,stephanie31@example.com,6425736706
90,1a7896a9-afa3-4a4b-81e2-108cfe062a73,Joseph Pierce,amybruce@example.org,670.258.5565x73669
91,89d4e59c-0e7f-457e-a052-ed261f2ba000,Philip Nguyen,kimberlybright@example.com,392-743-4939
92,db2a1949-0879-4851-ab85-e09016fad058,Kristen Berry,thomas60@example.com,6027600402
93,3505a54b-0182-4735-be3f-089352c468c7,Sydney Singleton,romanryan@example.net,470-344-9897x35881
94,856487f2-3f70-4646-b3fa-18394a32a0fa,John Anderson,aaronwilliams@example.com,960-795-7651x19076
95,530584a7-34ac-4171-ad6d-fa44f7479b83,Emily Brewer,klinealbert@example.net,(373)934-1035x325
96,e06f500a-d4a9-4b88-8ef1-3b9d8ad11033,Alejandra Tran,kbriggs@example.net,(328)298-0921
97,081cc849-1a9b-45f3-ab02-eaeb0cb9d4a6,Evan Edwards,douglas74@example.org,001-849-770-8254x358
98,2401f295-4a3e-4560-9076-726b87a4ba73,William Guzman,samuelmerritt@example.com,(907)675-3326x67666
99,1c787fb1-20d1-49b9-90df-a883a0143b51,Amanda Blair,simmonsmelissa@example.org,8589655944
100,d6c59a4d-1fbc-4fdb-a36e-d131a30804f3,Keith Smith,fthompson@example.org,(584)969-8327x59134
101,f794b83b-cca1-4d1c-968a-48b59ce52816,Matthew Blanchard,paige64@example.com,001-461-874-1095
102,c7f9e2f9-b8e1-460a-b1a0-161dae9bb873,Susan Goodwin,sara26@example.com,001-410-810-8441
103,b10092f6-e211-4ad6-9f17-efe5b1b509b7,Andrea Ortiz,bryan43@example.net,(836)253-2231x9774
104,8b520f19-97e6-471d-8b9a-c6ea36fc9881,Danielle Nielsen,angelaharper@example.net,661-721-2398x970
105,1b38ad77-8ec7-4ca7-9fac-f3e4f6e534ce,Kristen Mcdonald,morrislarry@example.com,467-269-6276x0487
106,8fd9c3eb-6278-484b-9638-821ab7c6f673,Rose Washington,joshuawilliams@example.org,001-959-634-9371x506
107,780b088e-f37a-49c3-8caf-9dcb80028093,Christopher Rios,simmonsrandall@example.com,001-784-756-3344
108,501ebcf2-29bf-40f0-ab3c-7dbef2cbdd44,Michael Torres,vmccoy@example.net,(339)387-3004x2195
109,f19cd237-45f6-4d8d-9da7-d2092fb7e8b6,Shawn Flores,lpark@example.com,711-518-9841x471
110,9e076660-f2ca-498e-b71b-d5cb88bda042,Tammy Juarez,lesliewoods@example.org,758.605.0395
111,2cedea23-639a-4c2a-b453-bab338b764c9,Darryl Parker,robertscory@example.net,(813)636-9321x5440
112,a822c70d-1051-4bd8-b4b0-f646ae60f747,Dennis Lopez,gilbertethan@example.net,+1-451-838-7951x3297
113,46a62b65-0f38-4e6c-b62c-b43b9c1a70a9,Angela Perkins,gharrington@example.org,(918)245-5398
114,6451b9e8-963c-4ffa-9275-38e230120a94,Scott Lang,brooke18@example.com,822-479-9533
115,d915fecb-1a96-4238-8bd2-bd030c379ee0,Amy Garcia,reyesjennifer@example.net,332-671-2241
116,35e99468-8adc-44d9-bc45-f26118eddb8c,Joseph Lane,ianstout@example.org,901.487.1239
117,30cfaaee-f798-46e3-ad13-f17a4ff58aca,Darren Richardson,albert26@example.org,861-920-1304x9223
118,c2d7407d-e14d-43c3-8dc7-e80d73830007,Stacy Hernandez,maria34@example.com,635.216.7767
119,9d77b159-ddd3-4d5f-8481-8b2afbf205cd,Amanda Kramer,johnsonjimmy@example.net,5158871164
120,0a74f0e8-f03c-4aad-8070-8ecb07ac162d,James Baldwin,reevesolivia@example.org,(215)295-2673
121,ce7e6eaa-5daf-4dc6-a632-61e024ef28f3,Shelby Bailey,matthewzhang@example.org,795-490-7195
122,1507322b-1a10-472d-9e12-394fc1e4aba0,John Bennett,owenkatrina@example.com,749.855.6834x544
123,b4a6b6cc-b51a-4c61-b73f-7d54a09cf71e,Charles Weeks IV,xtownsend@example.com,971-785-3907x653
124,911150f9-783c-4b7b-9ea9-510508b22c33,Stephanie Lopez,gregoryfranklin@example.net,3603255841
125,ff7a00d8-1b51-4bf0-9b34-99ff737b0042,Ryan Davis,susan21@example.net,+1-714-320-9933
126,996cafee-263b-4081-8984-3564e75dbc95,Tammy Smith,katelyn35@example.com,(944)966-9629x47323
127,411e16ec-e1a6-4779-b179-b899e16d40dd,Hector Morales,jennifer89@example.net,7639222803
128,4a7c4599-4828-468c-b008-5e03be43827e,Tammie Burgess,tammysalas@example.org,+1-853-414-8600x17363
129,731d610b-9bd6-4e29-a8aa-3e3052bbeb60,Elizabeth Stevenson,johnsonsherry@example.org,+1-410-413-9153x5181
130,4e519ce7-660e-4321-a21d-a6050e7ff109,Erin Cantu,browntimothy@example.com,524-476-5619
131,d92c917e-2465-4d7d-ac32-21ef9d7e1e5f,Jason Rangel,ctorres@example.org,440-638-9800x33592
132,da5249fa-6868-4d71-94fc-9f959afb10d5,Susan Fitzgerald,susansmith@example.net,2832867539
133,9f0a1234-735b-457e-9a8f-2dfe5f1e6148,Peter Jordan,bryanfoster@example.org,7988224417
134,8dbe7317-ec7d-4ba3-baf7-944f0382946e,Karen Hall,everettlisa@example.com,6928954986
135,4a2443ca-d62d-40aa-a436-639ea3fca852,Brandon Nelson,robinsontheresa@example.com,+1-945-658-2637x87162
136,abff09be-1587-4c87-9952-3765b45d4518,Rachael Howard,wileynicole@example.net,001-841-717-6746x146
137,2630709a-b00b-4ff0-8c3f-e06ba967cb27,Michael Holland,baileysusan@example.net,+1-990-898-3877x454
138,94d67f13-a506-401e-88ee-f2f6665b97c6,William Shaw,sarahknight@example.com,401.919.0999x445
139,6ae19916-3bae-4030-ae23-bd2840bbeb02,Edward Levine,cooleylauren@example.org,4322853059
140,46384bf7-8d76-4899-bf9e-5af2411a7177,Erin Gonzalez,jquinn@example.org,001-739-239-9420x0263
141,d93ac1aa-540b-45db-aca8-5315f0ab54e4,Scott Bell,melanie31@example.com,953.365.9535x01459
142,ea7f7631-b60d-41d8-a4f4-b98787ee186b,Jeremy Burton,dbuchanan@example.net,+1-591-372-9589x32208
143,596bd2ca-c026-4a86-b19b-359b385a77d5,Margaret Reed,pbaxter@example.org,001-883-799-2082x61445
144,d02e9401-c9b1-4c5f-8912-943c36028009,Jodi Gross,jacobthomas@example.com,(528)993-8539x96601
145,6b2a35c9-2036-4fb5-afd5-21fda8d6f94a,Cory Martinez,katelynalvarez@example.com,2823843304
146,e1facfc8-29e1-4d92-8e55-dd44e526b1b2,Charlotte Hawkins,timothy97@example.net,2066947138
147,3516e6cf-385a-4a9d-9abf-3e8cbae0427d,Larry French,josephrice@example.com,559-926-4059x6506
148,f28c0713-adcb-4131-9b6d-b49f72a7a061,Scott Thomas,everettchristopher@example.com,798.650.7602
149,17c581b9-a770-484f-8bf1-5ffb5c7bf7e8,Debbie Fisher,riveralynn@example.org,+1-469-926-2880x3425
150,52011cef-74d5-4c37-9f71-c1165773f26a,Laurie Cobb,jeremy16@example.org,732-542-4501x88797
151,008630b9-d0ed-433e-8bcd-e94f51e8a0f2,Maria Alvarez,richardsrobert@example.net,722.706.2838
152,6833662c-569b-4d92-8aaa-4422d6aa67ec,Christina Rodriguez,laurarobbins@example.net,+1-259-859-7056x08608
153,cca8eda0-dba2-4e3c-a2e9-17493952ae83,Michael Page,lucaskramer@example.net,296-728-0600
154,34086183-e5d3-4305-9fdd-953bb77be047,Jessica Wood,charlesdecker@example.org,2148719406
155,f06f5254-0083-4d84-af17-03d3c6739d61,Christopher Swanson,cynthia08@example.com,703-946-9459x9916
156,2938602d-0c9c-4670-92c9-94f2a0f7f899,Wendy Jarvis,joan45@example.net,001-611-304-4668x65937
157,21595662-ba02-489c-a274-e6965c0d9a39,Jackie Gordon,cpatel@example.com,(655)259-5622x57303
158,d8f769ca-6cc5-4137-ae97-ac49166854b5,Richard Watkins,david45@example.org,4442421593
159,fd078542-b456-41ad-b862-72bab9778712,Stephen Harris,jacqueline56@example.net,001-914-404-7574x249
160,189a6bab-ffaf-491f-9671-823d14d9df9f,John Rodgers,hdean@example.com,360-768-7573x71930
161,50962346-3574-4563-8fab-4fd03d4cd30d,James Holder,alexander39@example.com,267.816.7885
162,ef7fbda7-0929-4fdd-8d94-3b7d22df561d,Kim Rollins,josewelch@example.net,(923)440-9632
163,1c5c7fae-f477-4152-b2cb-1a4556b59108,Kimberly Stephens DVM,lbarker@example.com,(320)349-9178
164,44b12ab0-c014-4d77-9514-b240c365f4a5,Joshua Howe,welchkelly@example.net,8509439585
165,100408b6-0f19-4e2b-b6d3-5ca97abda1f3,Ryan Wilson,shari81@example.net,(302)781-0064
166,b983bfff-978d-4344-bf10-96fa742377d9,Timothy Rodriguez,knightcorey@example.com,447.747.9543
167,8e56a6b3-bdd0-4194-a24d-b167d2ef9b92,Nancy Ruiz,breannareed@example.net,221.319.8067
168,ae716b9f-b2e7-4c16-af1d-6d9ea4d9ba6c,Kristin Williams,fmatthews@example.com,(756)591-1734x1607
169,8d176026-1c50-4c8d-84f0-e0ea7a5ad096,Nancy Williams,pagemicheal@example.org,+1-537-482-3982x467
170,e48bc965-d112-4318-9428-db616cf6b91d,Martin Wright,brianmoreno@example.net,+1-550-688-1096x74629
171,16a7c125-a256-459b-a935-2ae6b59dfcf5,Amber Mcintosh,fford@example.net,650.667.3954x9065
172,4d654db8-9e0b-4da6-8072-b340513102d5,Tamara Thomas,veronicagilbert@example.com,612.205.5417x47886
173,37d21d8e-d3e3-4d40-b94b-6f7339acd414,William Johnson,kylewilliams@example.net,412.975.9172x876
174,70b0af55-4fb5-4193-a0ae-0d2fa3ca6558,Stephanie Russell,mitchellkelsey@example.net,430.575.2117
175,8a86c4a2-4b87-44f5-b44c-68b6997b7e14,Jessica Long,ssims@example.org,3806500061
176,1d385145-8e10-4b43-b686-ac80feeab64e,John Ramirez,hhoward@example.com,(501)585-0346x46719
177,52b7fa99-c68f-4384-acf9-52a369950461,Whitney Carpenter,palmertracy@example.net,8856908903
178,7a2abd93-35a5-441e-939c-e6a292d64d6d,Eric Smith,heather06@example.com,301.511.3840
179,0eb54642-f34d-48bc-b580-8da8eb897e96,Mary Rojas,sarahfreeman@example.com,(955)582-5537
180,a8fbdc83-41c5-4773-8c07-1e224d6cd872,Rodney Graves Jr.,rodriguezkelly@example.net,249.666.8818x8960
181,21e01da7-0925-429c-a294-b99b9b6194ef,Kathryn Merritt,danielsdennis@example.com,(746)896-0228x32612
182,bd10836a-8e34-42c5-9b4a-4e47bd1b9844,Mark Morgan,vmiller@example.org,642.550.0552x99148
183,9fe42b9a-af19-4e05-975b-6cd82848ac7d,Jennifer Haynes,patricia56@example.com,001-850-599-1965x4436
184,79bd3fdd-9332-40e2-a9ca-8a3f65873793,Brian Winters,annettewaters@example.com,326-796-5394x181
185,3b1c7adf-0a86-4fa5-acb0-0681a9ab649b,Cynthia Chandler,moranjeffrey@example.com,+1-901-416-4487x330
186,d192a388-ea72-4997-adb2-4f9b9b04659a,Kelsey Mayer,michellegibson@example.com,9158467193
187,cbcfb3e0-590d-41ef-9167-6247cc872369,Misty French,crawfordleah@example.org,(352)439-0378x556
188,01701cec-bb72-4220-8bb2-013fc8c4df88,Maurice Wilson,evanwilson@example.net,+1-919-266-0803x04979
189,4a6d3e51-27c9-4157-b10d-1df9f7722bab,Adam Skinner,mary44@example.net,+1-247-570-6309x62971
190,3a861542-4459-42db-bc3f-1ee1b4c732ea,Brian Boyle,icunningham@example.org,001-897-794-5507x0824
191,0e25b31b-85b4-4daf-9a7e-f2ff392a3e12,Jesus Myers,petersonkimberly@example.org,+1-450-796-3944x8332
192,a73d0d08-026e-4e29-b783-1a9e404bd3f8,Thomas Martinez,david36@example.net,637-661-1404
193,6912dca9-841c-428f-9b2f-093b3f5c807e,Anne Pratt,danielcaldwell@example.org,+1-229-422-7541x885
194,72c01ae7-fddc-4267-8b31-3d8b00a15b8e,Charles Ward,shenry@example.com,(925)374-8671x99515
195,48162e0a-4713-4f57-aac3-4f803b2c6ed1,Angela Lopez,lindseygibson@example.com,(986)699-9640x1888
196,f33e8944-81e2-4f45-a1f3-4c6a377e990c,Tara Nunez,wdoyle@example.org,202-914-7232
197,0fc529b9-95fa-43d0-a627-7e2e765137aa,Michael Peters,robert33@example.org,5182796137
198,7d323ae1-28eb-42e0-8cb5-c125c333c225,Paul Orozco,jenniferchan@example.com,+1-954-387-5194
199,7187ccb2-fa38-42a2-9e0c-c6776c1cc7cd,Tyler Ramirez,rtucker@example.com,911.276.9218x554
200,172688b1-aca3-4ea3-af29-72573a1e13dd,Christopher Garner,xkennedy@example.org,001-378-479-4604
201,8f90a281-9f18-46a2-a7ae-f009e25796b9,Kevin Cox,oevans@example.com,001-763-627-4748x22470
202,19318e9c-a112-459e-bc22-d77a67fa04f7,Michael Williams,kelly52@example.com,(382)368-5093x125
203,d8b1e810-c08e-4fba-89a6-f0835df45190,Brandon Murphy,alexamills@example.net,(660)929-0403
204,473cfab0-642a-4898-b78a-5fe34bdae1ac,Anthony Weber,kelly30@example.com,(771)248-1784
205,0d8e8f1d-9301-4a82-b30f-db8dd19007e9,Charles Oliver,stevenandrews@example.org,533-356-7496
206,9139db6d-7497-44c7-9c47-0c4a5d64fd3f,Christina Curtis,jeffreysimpson@example.org,972-208-7774
207,fb99f5c8-df6c-4019-8c2b-3186a7215752,Robert Gomez,stewarttamara@example.net,789.650.3543
208,03b6a9fb-3542-4cb4-9c72-0a9df356d3b5,Adam Bowers,xhughes@example.net,(507)249-3931x323
209,7e42ac91-10ef-412a-bd7d-4ee5d65a708f,Vincent Rhodes,zglover@example.net,408-269-0530x57051
210,938d4f20-cca7-49a4-9ed5-26d13b0d2aa8,Richard Bennett,james91@example.net,330.708.0370x016
211,1ef8949e-f338-4b6c-a18e-3efad318c4e0,Vincent Baird,brett90@example.com,(961)862-9290
212,68d7d922-e167-4886-b799-b7758f6d3c4b,John Rodriguez,davilawilliam@example.org,582.846.9319x794
213,65995c59-7973-4971-bf24-4bfda878681d,Beth Hansen,karendavis@example.com,+1-351-368-9124
214,3e93f6e6-50f6-4fc8-9e2b-924c92d2a57b,Ashley Burnett,olopez@example.org,432-694-1085x272
215,4a7e9db2-1e80-472a-ad93-3e54b165e0ce,Sarah Torres,nicholas70@example.org,3894978695
216,37f24d98-030b-43dc-a65a-3b68088f801d,Douglas Young,barry28@example.net,432.234.5594
217,405a6ad5-6044-4480-8d0b-0c268545bf03,John Morrison,xbell@example.com,616-934-6144x55987
218,cd0ea992-6dff-4faf-b718-f8529f603da9,Andrew Chang,helenolsen@example.net,6317061554
219,559edb60-fb75-45f7-b476-95c027d36d13,Dr. Samantha Davis MD,shaneshepherd@example.org,+1-246-825-7028x788
220,37d20d7e-844c-494c-bcc6-5aa7560344f0,Audrey Chambers,jacksonsuzanne@example.net,579-973-5789x283
221,6245085e-a7d6-4a90-8de9-f573b10a111b,William Brooks MD,leahmann@example.net,819-417-5438x3648
222,aba91bbc-f883-4205-a597-3a21edec93a1,Dylan Perez,gibsonmegan@example.com,001-595-204-2506x1964
223,61499f0a-ec3c-411a-9241-c0be1291d24e,Benjamin Long,derekwilliams@example.org,(765)346-5375
224,986135b2-9cea-4e2f-bdda-f767766324a8,Joseph White,jeffery87@example.org,(919)902-7670x34744
225,0a0ed4ac-547e-4c56-9dbc-4482891eb594,April Green,chenkevin@example.net,+1-463-241-6005x676
226,573bb351-c96f-4f75-b964-bc4d23596183,Jessica Alexander,lindseycrystal@example.com,001-760-291-8076x24288
227,0c81de3a-2305-4957-a8e2-5f4f0b2c6d02,Nicholas Vincent,frankserrano@example.org,562.513.2763x5605
228,b717c6a4-a25e-4896-8c8a-5ebd25fb2d68,Amber Anderson,isaiah84@example.com,(239)537-8522x24819
229,98470cfa-a0d1-4756-ab1b-e8277a7cbab0,Tiffany Wagner,kgardner@example.com,325.926.9218
230,4f1bdbe0-e818-44cd-9535-95abdb21c342,Kari Owens,kimsonya@example.org,+1-492-877-4467x7168
231,8924f03e-b04c-4206-b910-45d2583674d4,Mary Walker,ramirezcraig@example.com,354.850.8564x937
232,879e9761-b4fe-459d-b001-47547d39272c,Michelle Zhang,brian49@example.org,404-925-6820x90167
233,80e29619-c7a7-4220-ac69-5a935a654fe0,Justin Thomas,sara32@example.org,(779)282-8869x38402
234,c8ffa422-4c90-45f5-8949-242c02de7174,Heather Mullen,xstout@example.net,+1-472-811-3503x30711
235,275c9f86-dbe1-4d1c-b641-2eab2cfbe554,Christopher Lowe,greenderek@example.org,988-627-4145x699
236,8d72deb6-fc41-4bde-9bc4-83b779752736,Teresa Collins,lloyddavid@example.net,989.803.4828x8209
237,d798941c-635e-4f1d-bc0f-2a51d0a30e81,Michael Harris,theresanguyen@example.net,661.523.8173x732
238,972e5c86-a826-4d3d-b92e-fa2a57a371e8,Whitney Hayes,warrennicholas@example.org,(797)538-6197x779
239,6386389d-48c1-43bb-aa7c-91021b21a470,Teresa Costa,lunajulia@example.org,353.968.3224
240,7bd6c8d5-fffd-496f-94e6-64dbfff26eb1,Alexander Adkins,kimberlywright@example.net,+1-811-948-4208x6514
241,223575a3-fb98-42c8-b987-6e3ccebc1fad,Dr. Amanda Matthews,jason42@example.org,001-954-283-4153x26811
242,8cee1561-8b5c-44e4-b2e3-6e9ef5c8f5d8,Katherine Bennett,wgreer@example.org,552-966-9886x1330
243,10126fe1-fea9-4b8b-87fe-4c1966e9e28f,Adam Hernandez,mstewart@example.net,787.574.8130
244,6844613e-85cf-4de6-bd2f-4d11419a2fcc,Jeremy Roberts,emoore@example.org,+1-567-512-5041
245,cd1a8601-1d20-428a-a7f4-040afb73eb78,Shane Romero,diazchristopher@example.org,347.913.4390x4466
246,f2155572-572c-4cda-9ce0-ef8c77413910,Patricia Richardson,leegonzalez@example.com,+1-806-234-9859x4145
247,489e310c-3eeb-4aa4-a649-5c26f675d723,Stephen Johnson,miranda89@example.org,001-687-720-5929
248,eb7eda8e-22c5-4a6b-af44-aebdbd9a0a7e,Phillip Andrews,kbrown@example.com,+1-495-446-5877
249,98a0ed3a-0a42-479b-9aad-8bbae211c174,Ashley Shaffer,fshields@example.net,733-293-4734x421
250,56795cd8-5b7f-4eee-9775-1351d6a4ecb3,Paula Garner,brandon58@example.org,+1-400-325-8056x00950
251,ceb21e7c-122b-436e-9c5b-ede2b7ea8ff2,Meghan Moore,maldonadomelissa@example.com,545-954-0324x840
252,6abdd0f1-0e38-4a80-ae0d-62c1e43e3526,Morgan Moss,davidgonzalez@example.com,4804005761
253,c0dd3344-92d4-40d0-82b5-ae33550dfcc9,Leonard Erickson,wilsonjennifer@example.org,001-775-500-7646x208
254,3a3ca0cc-4a4d-4518-882c-1e92f9569200,Natalie Garcia,honeill@example.net,(468)409-4642x3666
255,368eeb31-e97d-4a65-b905-5a5434d2f12f,Kayla Moran,stewartkevin@example.net,306.461.0083
256,bda8092e-416d-4f3f-954e-452cecee33f3,Rebecca Owens,mcintyrejacob@example.com,247.239.7387x74447
257,4f9f2161-6c26-4457-b76b-7f023bab2c3c,Jennifer Ponce,glenn67@example.net,+1-289-831-3593x55881
258,33cb22df-c805-4b27-8016-71f81269f502,James Carpenter,jacob91@example.net,001-502-998-9888x6417
259,087096a7-5ae6-4cb2-9c56-37669f84d6ca,Mark Keith,alexandra47@example.com,(436)585-0790
260,f660e2f0-b9bb-47f4-9ed4-585e1fda861a,Kenneth Bird,brian25@example.net,2769038608
261,0626ea0c-4e31-4426-839e-fb7e74aac9a5,Christine Lambert,steven01@example.net,451.591.8017
262,c7a98f05-0747-48e1-8c97-0d0458912ae9,Aaron Branch,charlotte47@example.org,001-354-894-0481
263,6889e9c3-821a-40aa-aeaf-5d872e8aff89,George Nicholson,trevor44@example.org,311.208.3432
264,68f6a579-7f86-48bc-aecb-31b69e2e87b6,Leon King,carriebaker@example.net,653.952.2458
265,a4aa410c-51d9-4b01-bfa0-a93d2719b6f7,Jill James,triley@example.com,302.607.5360x235
266,25f5a164-5ef1-4c0d-b288-3b64fa53a268,Deanna Sanchez,chill@example.org,(778)462-8940
267,18778d94-5350-4ed2-8254-443778a27016,Cassidy Johnson,sabrinamartin@example.org,4863077556
268,62996521-f342-4832-a3b4-64e09b33e829,Gail Thompson,swilliams@example.com,816.222.4949
269,185ab614-983f-497e-9f89-996cf291aeef,Paul Lewis,shannon96@example.com,816.806.9606
270,93d5e7c5-d6a4-4de8-a642-aec7f1d626f7,Raymond Flores,sabrinajackson@example.net,863-877-8549
271,c9445ddd-d35a-4853-9b00-0a3bb4059afc,John Watson,cameron26@example.net,281.586.9084
272,a39ddecb-67e4-4edd-bf30-48b89d87b0e9,Marvin Huang,davidodom@example.org,542-612-5622
273,1ff0db54-118f-4760-85e4-aea5b2bb2386,Joshua Jackson,rachael94@example.net,312-857-4894
274,2798b706-3791-4f43-8263-28882a5fbd4d,Calvin Rodriguez,valdezsean@example.com,+1-561-682-7258x3097
275,67ebd237-aa8b-4f38-a35b-049aa5add433,Caitlin Rodriguez,austinteresa@example.net,842-915-3062
276,a6cc9827-5789-4f9f-a0a4-8d9bfb01d4b6,Kara Green,wallacekenneth@example.net,994-235-9898x554
277,f8fe1aca-8afd-44a6-99b7-776d4bd3af1d,Denise Vargas,gregory66@example.com,001-731-732-8548x0837
278,4884b927-0c0e-40f9-89c6-7980449535c0,Brian Williams,stevenjackson@example.com,208-628-7678
279,981fc222-73ee-4c56-bc40-5f2ff0fc93f6,Donald Reynolds,elizabeth12@example.com,001-411-211-4363x3665
280,f3fe7bc8-62f4-48fb-bf27-da66786440a0,Amanda Edwards,lgreen@example.net,+1-871-882-4974x9226
281,7f47cf6a-de17-4a2c-b851-b09368b1146d,David Evans,mendozawilliam@example.com,402-822-5049
282,711b3d99-e0bf-479a-a5b0-d562aef0cfda,Judy Ross,ashleykent@example.net,277.918.1315
283,c84927e5-675c-44dd-b7bd-7e00170e993d,Mario Vaughn,alyssa45@example.com,001-978-709-7681
284,6c6db16a-3271-4ecc-a3ff-7fe3da79bfe0,Rebecca Martin,stephenpeterson@example.com,(503)433-1699x7430
285,e2864045-6bba-4e69-9cbd-fb09571b46d4,Hayden Dickson,jwelch@example.net,6456024114
286,691cb34d-3c8e-4bf8-9934-ecfeac4f1e33,Derek Leach,michaelscott@example.net,001-207-577-4788
287,8293e188-b227-4f3c-9194-9cd5ae594388,Lisa Brown,jamesgonzalez@example.net,237-547-7715
288,5a4f1476-c4de-4577-b908-eb22cea3c8a2,Patricia Fisher,priceharold@example.com,285.654.5768
289,b2eacb4d-0679-452a-9f7e-86e0d0d98f8c,Katherine Meyer,bradyschwartz@example.com,(962)663-5011x3845
290,a9b6c7f1-5aa9-44b7-b7ac-d37c0153456d,Samantha Alvarez,andersontodd@example.net,689.436.4243x8012
291,0701af24-a83a-413b-a439-5046c933c8f2,Stephen Jones,henrytraci@example.org,001-347-903-9776x66625
292,b7ac6cf6-4533-46fd-a7f9-7f69007c67fc,John Clark,awilliams@example.net,+1-718-829-3418x5294
293,7a28f70b-5daa-46c2-b817-12fb206a35ee,Joseph Roth,kimberly04@example.org,+1-264-544-9495x84087
294,f7d2382b-d920-4321-9022-3aad307ebd22,Kelly Klein,wongbrenda@example.net,9528206733
295,3fbf24c6-850f-4059-98a8-6ffa2a38d0f6,Robert Hill,christopher84@example.com,668.465.1998x1294
296,c144e4fb-9c9c-4627-8e46-8bb1d2a92db4,Sheri Brown,victormoses@example.net,561-784-7740
297,596297db-0b5d-434c-807c-d2a3d2fd4482,Mark Allen,nguyenjamie@example.net,(607)297-1660x4910
298,5c17b38e-bc7e-48af-afe0-0d3bada91fea,Anthony Haley,williamsamy@example.com,2853051037
299,73fd3407-f4d7-4d27-9c23-60f5861e4f56,Angel Johnson,xhernandez@example.net,+1-781-519-4124x179
300,7b143510-b2ed-47db-871f-0e3fc0d31aee,Angela Ellis,williamsdestiny@example.com,(342)898-4787x7124
301,eab162fc-f203-40ee-93d7-d2f537c7eaaf,Brittany Ford,jackdoyle@example.net,+1-895-366-6734
302,bf022c22-012a-4356-b098-ca913cc0f9ef,Marcus West,judy64@example.com,241.259.9035x85294
303,58b412f7-0154-4ce7-a466-8fc4136558bc,Emily Jackson,uthomas@example.org,366-906-2733
304,c162d8bb-89ee-4088-8d6b-c6ecea417a4f,Edward Bowen,lucaselizabeth@example.net,001-985-613-9930x767
305,b16d4bf0-462b-46b6-bd9e-9cfd9968b13c,Angela Williams,kellysmith@example.net,9164502993
306,7340bf8e-bbfb-481b-bfdf-4fb40c555de1,John Jones,conwayjonathan@example.net,537-850-6705
307,40668ab2-3419-4d45-9800-9cf375036e5b,Michelle Myers,ryan98@example.org,3447930291
308,00c59cfa-1dae-49e2-946e-aeaca43925f7,Debbie Archer,anthony78@example.net,4678492869
309,be26648f-ccab-46b1-a66e-09ff9a17acfe,Gary Keller,coopersarah@example.net,673-324-2014x16463
310,9ee040d3-eb7c-4ae5-8f1c-0b93c54a47aa,Mrs. Heather Dunn DDS,jacob36@example.org,(348)291-2224
311,35203001-7f57-4238-bd9f-d73e8df75326,Amber Harper,bradleygonzales@example.net,4914952356
312,df116058-7350-47b7-b2f9-b6a670de5d4b,Elizabeth Diaz,irice@example.org,+1-353-502-4361x7613
313,13d66774-e813-4e5a-95e1-a412bf89fd11,Emily Anderson,sharon82@example.org,995-796-8444x7928
314,c1beb1d9-dd13-47f9-9837-b5d0822625ee,Michael Cantu,gregory36@example.org,001-485-670-4513
315,87f235c3-c3ba-4302-b137-8a7e335a8eb3,Jason Aguilar,robert88@example.net,9255547758
316,0a0bf8c1-5011-4270-8c1b-b23eedf94dd4,Bryan Larson DDS,amy00@example.org,(983)377-2319
317,48b8943d-0564-4809-b04e-841635482d6d,Kevin Franco,johnbrown@example.org,+1-402-551-0090x0277
318,e0c2cfef-51aa-459a-8d7d-42b7f2cd1a6f,Christopher Guzman,nmiller@example.net,807-741-4052
319,3d9ad13a-d4b9-4bdd-9c30-2492898077b3,Anna Clayton,davidvega@example.net,723.654.5965x358
320,fec8c068-f2ee-4794-aad9-1deab58384c7,Lauren Berg,sherry80@example.com,(912)742-8133x667
321,6021d358-ca04-4317-bcb6-4a8f9827c1c3,John Castillo,brian60@example.com,(708)278-2447
322,9401d361-89ae-4742-8f7e-a63b70d04eb7,Ronnie Ferguson,thompsondustin@example.com,(528)449-9616
323,af3d0d95-aba8-4ca9-a784-c0691b266dbc,John Roberson,coopercarol@example.net,+1-620-545-6323x831
324,25aca08e-cf0f-488b-ae45-6d49994128d7,Daniel Bryant,dennis46@example.net,(547)567-5500
325,e1dd2665-2545-48ee-9d6c-aa35f5894c04,Douglas Mendez,bingram@example.net,(526)720-3681x321
326,72c35f32-c069-4cb2-8723-881761f7f906,Jacqueline Allen,lisa33@example.org,001-255-735-7968
327,0db93b9f-6690-4c9b-ba4c-c1d528b835ec,Nicholas Porter,alexreynolds@example.net,(822)709-5581x133
328,5c36d07a-73c4-444d-a56b-0484b603f09c,Miss Dorothy Torres,vdoyle@example.net,329-639-2512
329,ed23af7c-5927-4191-9a14-4434ed1dbce3,William Williams,bcook@example.com,001-931-982-2218x71640
330,aa3821f1-fa0b-429f-ac28-acb69c3ac350,Rebecca Parks,paulthornton@example.com,(645)995-7089x99492
331,8bd8331d-05a4-4901-97ff-295271e3a2b3,Teresa Miller,lindsay34@example.org,532.615.1136x133
332,735fadea-06a0-44e9-9e6f-62eba937cb98,Alexander Perez,tylerharris@example.net,2357748441
333,8f810bac-69b7-44aa-8fa8-b40d48ef4e07,Richard Williams,jacksonoscar@example.net,(298)656-4912x7558
334,af44b00e-56c8-41c2-ae68-4cf8b9cfda58,Thomas Larson,olivia37@example.com,751.630.7481x41194
335,0dff742b-a1af-485a-b5c9-357fb089e2fe,Jennifer Jensen,mistycook@example.com,+1-316-705-6564
336,6ba9b088-ef68-4ca8-8ecb-cd571291b2ca,Timothy Ray,stephanieli@example.net,001-845-736-9047x27144
337,1adc93f7-70f4-416c-a95b-af3acc00c3b0,Brian Brown,brandi40@example.com,(424)852-2899
338,eba5b478-d133-4e29-a33d-7dc28643a61d,Kevin Dillon,davieslindsay@example.org,366-692-4709x246
339,71332b4b-da24-4cee-877b-644a08c60b38,Jenny Castillo,zwagner@example.com,816.481.3553x5199
340,7b85f9ee-757c-41b8-b934-d8d012e11e31,Matthew Cooper,campbelladam@example.org,968-548-4445
341,5e4ac4a4-6ff7-4f80-b31e-b45c3113d187,Amy Kerr,lphillips@example.org,248.225.9238x07042
342,008cad27-c949-4d09-a75b-5c144691f239,Cory Zuniga,wwilliams@example.org,001-386-534-9872x7334
343,332d5e49-3d0f-4200-8c96-2061a5cd9006,Lori Koch,krogers@example.com,001-876-296-6735x01761
344,abcfe702-ff82-49dd-89a6-efeb0ca9d6b3,Vincent Martin,rjackson@example.org,(331)559-0678
345,e7545942-8294-41ec-9611-1cd68d65ef2d,Jonathan Stone,xklein@example.net,207.481.4482
346,9e4a6e87-29d4-4dfa-b9eb-0f21c50f8442,Christine Torres,johnsonmaureen@example.org,001-297-531-1160x8188
347,54d676fe-8d67-4745-9c31-e3f025b47883,Michael Lynn,pbishop@example.org,573-707-5735x7702
348,3ad066c3-c7f6-4cba-9b64-cb7cfe3d98f8,Gabrielle Villarreal,fbeck@example.org,001-764-216-4797x920
349,c151c9f3-0cb4-4806-93a2-97d476d8b8d9,Mary Jones,john25@example.net,527-223-5418
350,b1bca9df-d91d-492d-9342-27f01adcd42a,Pamela Hayes,zgarcia@example.net,871-276-4935x36696
351,44d440ad-5802-4c18-93f0-b75535480026,Erin Perez,morrisonkristen@example.org,546-778-6960
352,f5cebcf2-fee8-4e96-8dde-05fab8130516,Judith Garner,tflores@example.com,+1-329-369-6023x60621
353,f6fcacb6-57ac-4465-9b98-1d319aa4649a,Patricia Christensen,sharon55@example.org,+1-890-861-1893x920
354,56ed7fde-dc5a-4d03-a141-7c6f701e37bf,Katherine Hayes,kathleen03@example.org,(748)840-8453x79949
355,8e40c225-a908-4260-a7c6-a41e357cf32f,Dawn Kirk,vmorris@example.com,799-661-9201x42919
356,aa5bde5a-6f57-4cd8-996e-1c4c9f1f7cfd,Pam Duke,debra28@example.org,001-393-325-4627x57413
357,0e375f5e-ec7a-4c70-9b48-0c00580a058b,Claire Campos,ospencer@example.com,001-360-415-2184
358,f6942405-f937-4675-9254-02964aaf695b,Ashley Espinoza,jeffrey42@example.org,6173648404
359,efeb9ffb-7ff2-4b49-bc4c-32caec14510e,Henry Rogers,ortegarose@example.net,+1-517-552-9041
360,3da81733-0c45-4fb4-bd22-c2fa73b47e39,Gregory Price,wardbrent@example.com,001-275-807-8124
361,71a1e7bd-b2dd-4aa2-a98b-727928156594,Jennifer Goodman,rcooke@example.net,(620)429-1966x3397
362,57abd0d3-469b-415c-869a-2aeb14fcaa81,Nancy Kane,elizabethmccarthy@example.com,9502788724
363,ae1a772d-8468-4b1a-a12d-15cf7ce40a75,Daniel Thomas,lisa90@example.com,(383)695-1556x9631
364,6a985093-55c5-4b98-8009-c9b31193d017,Sergio Collier,christinewatkins@example.com,001-618-837-8077
365,3d5efa90-055c-445c-ac65-e3587cb478c7,Stephen Morris,arielschwartz@example.com,695-363-3413
366,f6b73ac6-ef05-40af-81e4-84ad429a3439,Brandi Rice,pauljohnston@example.org,(562)280-9248x4803
367,52e85a60-992b-45f8-8817-6c27e7770685,Michelle Fisher,hendrickschristopher@example.net,931.482.6380x3479
368,66a25915-26a6-40ab-a9a6-ff62e582d5f9,David Gray,moniqueunderwood@example.net,001-896-787-3418x3512
369,a1b63ef0-240f-4489-a040-49a5d67ea89d,Adam Hodge,nelsonrobert@example.com,623.228.0844
370,c8c3d4dc-c5fa-4b97-a0cf-f4d7b2b2ebec,Taylor Anderson,christiewalker@example.net,001-501-704-3794
371,35f04386-2bad-40c2-bb9c-43d6867a7cdb,Wayne Tate,nwolfe@example.net,(280)950-4668x1280
372,7335b1ce-ac0d-4347-abd2-5d1781ef8ab7,Eric Frank,michelleowens@example.com,609-962-4584
373,5f71d3d2-bbdc-4915-be05-2bfdff82bd23,Tammy Mclaughlin,ewarren@example.net,+1-412-304-2595x183
374,494a4a74-4e26-49fb-a63f-f6b77b504c52,Hector Underwood,joshua31@example.org,804.789.4063x8431
375,dc15966e-58ee-4727-9f5a-1b3392c10c76,Michael Reynolds,gonzalesjohn@example.net,495.280.6958x115
376,8b90e1af-2783-4779-b15f-4602f3b64038,Samuel Herring,adamsdebbie@example.com,+1-602-592-6571x2133
377,51184628-3f14-4cf1-8e84-507c0705e5d9,Michele Russell,danielmendoza@example.net,(775)667-8444
378,ca4f66ac-17b8-4395-abee-bc3f05fc8c7f,Stacey Shepherd,zmathis@example.com,+1-915-688-2531
379,1b91bd09-e316-4c41-b78f-8880d1b88754,Pamela Livingston,brittany77@example.org,224-683-0738x193
380,e202292e-867d-4690-b8cd-e4f34050449d,Philip Rodriguez,sarah56@example.net,+1-657-932-9940x14161
381,3bbd6b2a-88dd-4c4c-a035-92e888a23c46,Elizabeth Wolfe,lfarmer@example.org,001-667-647-2271x32791
382,fdc46ce7-d38d-4c7e-a009-e6aaaa643eb4,Mr. William Bell,rhondafreeman@example.org,963-682-5877
383,58176b05-3a62-425e-9229-d020bd97f1c1,Brian Sanford,anne97@example.net,989.935.9217x498
384,5744b31a-6490-4c25-be37-d2f28269699a,Adam May,justinmoore@example.com,001-302-472-5090x7614
385,515adcfe-d3f7-4e3f-8cde-54ba9e76fb73,Mary Garrison,lambtammy@example.net,+1-853-798-0075x01064
386,329dcdd5-e1ca-449c-8bfe-bfcbff4869d9,Stacey Howard,rharris@example.org,342-239-3515
387,f6a2d29b-8b50-4819-9c9d-ac3997cfc204,Nathan Phillips,frios@example.org,757.759.3524
388,d594d105-6b51-44b5-ab9e-93174e770ad3,Jennifer Francis,rwilliams@example.org,970-625-1787
389,c6efd0ef-2f96-4988-81c3-e495e9fc7ac2,Alice Valdez,cynthia19@example.org,+1-485-250-2621
390,ab48314c-394b-4850-9dd3-be9bc8dec626,Shelly Terry PhD,snyderkimberly@example.org,001-540-423-6935x525
391,07fefe1f-e3d6-4c42-b0a4-b9e2a21c8ab8,Rebekah Garza,grobinson@example.com,+1-955-729-5701x7301
392,5cf5e10e-811b-442e-8aee-e16dffdde190,Mariah Hansen,aflores@example.com,(226)517-8999x8864
393,3b414c60-4da6-403f-b437-b91a7d00078c,Anthony Guerrero,stephenssandra@example.net,(626)406-2250
394,ac50848c-a0c0-4096-9352-df1f18fb146b,Andre Hopkins,jamesmccarthy@example.org,6164539349
395,d8b666c2-1eeb-4415-a6a4-4680510c69c0,Julie Mcbride,austinyork@example.org,001-323-472-4201
396,8162f919-33f7-4da3-a0e6-55165ce802df,Randy Keith,christopherclark@example.net,+1-813-211-4211x05933
397,e1227c17-2d5b-4e07-a254-9eaca3e5a643,David Mcmillan,schultzmatthew@example.org,001-511-910-9991
398,a65d8f99-f466-44cb-bb25-ed6df821d349,Benjamin Scott,justin57@example.com,(352)358-6008x891
399,fbfaf0de-d5a1-4197-9eaa-9fe8aad0e54c,Maria Martinez,heatherlewis@example.net,+1-507-898-4620x18370
400,4199462d-10db-47aa-b547-bb1860dda6de,Mikayla Martinez,samanthamorris@example.org,394.718.6664x17201
401,f6fd53ab-9724-4612-abe5-8becf2338a35,Jacqueline Jenkins,karenjohnson@example.com,836-907-2564x1045
402,19e5beee-04b6-4dc8-9904-27c0ddf18a3d,Carl Gomez,stanleymarsh@example.com,001-950-937-7370x35091
403,16fd22dd-ac42-4e19-a7c3-2439bceaf1bb,Lindsay Wilson,jonesjoshua@example.org,001-799-843-6291x50253
404,6c333c83-64cd-4e90-9871-6feda925284a,David Cardenas,emilysoto@example.net,369-979-4514x3305
405,16635db3-bf69-43ed-bb0f-51c1b20c73ee,Jennifer Mitchell,jsmith@example.org,529.212.4967x30855
406,e4166fd5-c536-4dc9-991a-507c12210df2,Karen Ortiz,kimberly95@example.com,+1-306-482-1104x90675
407,02c52391-255b-4e0e-8416-99d45a77008e,Jason Watts,ilopez@example.org,(743)630-3120x925
408,bdd79022-966a-41e4-9dda-b520803392cd,Cody Mccarty,iharper@example.org,803-923-7521
409,8e2fd79b-aefc-4747-aa93-18fa5fd3d3b6,Mary Hill,nicole14@example.org,001-242-802-3404
410,dc0e933f-ed90-4d8c-ba65-495b3e3fcb1d,Mr. Raymond Haas,nathaniel63@example.com,673.288.3068
411,762e02d6-7ef9-475b-8237-8b4cf0511a28,Melissa Jones,sally14@example.org,3208996610
412,a8a800b2-929d-4730-b99d-f8f7a7acb9fb,James Kim,tfitzpatrick@example.org,683-655-3396x97653
413,ea32b5c9-eafa-43f8-9004-546af77f92a4,Latasha Grant,kimjames@example.org,641-300-1326x09087
414,439aae0a-f5de-4abb-90ac-fb1fb5f66211,Mrs. Veronica Robertson,michaelvasquez@example.net,719.786.6685x68298
415,4a604165-8b7f-48ab-a531-39f82dab0190,Lauren Abbott,jamescoleman@example.net,001-879-690-4383x25138
416,c8303b5f-f8e9-4d8f-95f1-a984ce545979,Brandon Smith,gsoto@example.com,001-373-867-1406x149
417,ece90ec4-6cbf-42bd-aeba-1917cfec1a8c,Kristin Costa,hayers@example.org,918.554.3920
418,22c62093-3aa9-4681-97e8-a3772d5acc1d,Lydia Lyons,sgeorge@example.org,896.838.9406x1527
419,07d1bcaf-41ff-44f6-863f-8863e154890e,Richard Jennings,cooperelizabeth@example.com,(818)655-0262x369
420,2f216c63-2cc2-4939-bdb9-4ec92bcbab74,Mrs. Laura Gregory PhD,nancycalhoun@example.net,(909)611-3726
421,b5956cb8-9f89-450d-bee9-4661a3d4af6e,Diana Adkins,brandon73@example.org,+1-881-491-7129x9340
422,188bcd6b-8a0d-4241-9b1a-6a5537cf5a98,Crystal Clark,daniel14@example.com,369-763-5596x934
423,1fe213db-5b0e-442c-93e6-4b1431a69a6c,Yolanda Lambert,glassjohn@example.net,521-225-9211x106
424,ed25fb7c-3040-4880-aa52-c3d7e2c659d5,Lisa Harvey,acevedoangela@example.org,(770)928-8488x428
425,d6f85034-08f8-4f4b-981f-34fd1c3924c2,Eric Sullivan,waynehooper@example.net,949.924.4486
426,debd7651-f7f7-43b1-8f67-1a33c59466bb,Katherine Dillon PhD,melissa72@example.com,806-410-0763
427,00b623e5-2bdd-4f94-a1f4-2d960bb601fd,Courtney Munoz,donrichards@example.net,500.359.0701x64210
428,c6af81ba-ba07-426d-91c9-e1803a11050f,Regina Cole,david99@example.net,(213)806-1786x1677
429,48713fb2-9250-4a8a-af95-dfa992a09cec,Elizabeth Mata,michelle35@example.net,925-801-5221x58411
430,6027356a-5ba7-4597-a845-0d60acb2af58,Brian Salinas,tracy58@example.org,9324113587
431,44a9041e-c02c-4c8b-9028-6d7c69196258,Christopher Bradley,fscott@example.org,001-428-325-4506x854
432,36ddf7d6-e46e-45ba-b915-5727ccc3f4c5,Kendra Leonard,marissa30@example.net,(265)836-3288
433,366e62b1-8ed5-4a8d-b0c9-1de7241c93d2,Samantha Valencia,todd62@example.com,001-691-250-3770x35144
434,9e88ad06-23a6-4bcd-af48-78d29ad11cd1,Sarah Walker,taylorpineda@example.org,+1-687-253-0281
435,7eb48f8b-a176-4279-8e41-a1b494839e3b,Marilyn Coffey DVM,fdillon@example.net,(357)290-8124
436,f912ddad-45ab-44dc-bfb2-778244c53745,Terry Harris,richleroy@example.com,965.757.5800
437,a33c885b-35e2-4d02-b053-c0c649a62e2a,Patrick Schneider,edward90@example.org,690-909-7282x145
438,b83c49dd-36d5-4d5f-a282-710830090429,Maureen Burton,vrivera@example.org,562-716-0383x86782
439,aecc6c28-0b12-4320-9f41-e948d9a608f6,Nicole Rodriguez,elizabeth24@example.net,884-225-4648x086
440,db3092c5-c688-4093-9fd1-4b539bdcd99a,Carolyn Stewart,patrick67@example.net,+1-507-605-6931x1278
441,494ec964-a2ac-4b12-8ba4-a46bdc85c884,Cynthia Reid,torresmatthew@example.org,(669)897-8752x2630
442,e03bdf8a-f029-45ee-8544-5d3e5885c57c,Kevin Gutierrez,peter46@example.org,875.794.1584x3654
443,34f38287-806d-48ff-8574-61297722c8a4,Amber Howell,sstrickland@example.org,(360)679-1185x1622
444,f0da416c-e8b3-4864-8208-1526d229ad24,Riley Fernandez,churchmichael@example.net,001-767-553-4145
445,88d9ac57-04ab-4e38-aa50-2baff0d4809a,Tiffany Zuniga,gsanchez@example.net,661-557-9002
446,a2880c6c-3db3-4df6-bd60-cc3244d55212,Mark Allen,colejason@example.net,690.685.5768x3691
447,edc52736-7fd3-4a18-88c1-a4e82342a0d2,Gina Griffin,walkerterri@example.net,2567485998
448,f0c854e6-d6b2-4acb-abfb-29d1cfbadde7,Peter Johnson,sromero@example.org,9558626021
449,59823b72-346c-4ae1-b6f9-0c4b011a706f,Alexandra Ayers,reidchristopher@example.net,001-706-675-2321x65143
450,6b4eacf3-d5da-45a0-b499-a1cd79126108,Jessica Allen,charlesmayo@example.org,299.420.5912
451,e08059e5-de15-45c9-94bb-7185b62096ab,Elizabeth Henry,brianweber@example.net,+1-806-452-3289x880
452,3d938fdf-285c-482d-bda5-d4463b250df0,Larry Woodward,maryhiggins@example.net,001-518-596-9243x48443
453,9796c456-f384-40e8-a8aa-9a3012d525c4,Ms. Amanda Sanchez,cmccall@example.org,956-324-9026x081
454,810f3b63-d3e9-4220-9cd8-adbfe95b6287,Robert Henry,sherry39@example.net,+1-597-982-4493x00665
455,b6d096e8-e202-43bb-bd6e-1f49f68128ba,Justin Shields,jonathan76@example.com,235.979.9346
456,a754e45a-4ac8-4971-bed5-defaa2935b1a,Brian Savage,brandy34@example.org,950.428.8173x3811
457,03990db9-5340-4ffa-998e-bf01c5839960,Patrick Hoffman,nicoleharris@example.org,001-715-247-2265x70701
458,e2dfc7cd-291b-486a-ba14-19d09bfcf171,Rachel Garrison,rphillips@example.com,8726963766
459,2820b46f-1554-4e66-a0ed-834e5125beaf,Angela Thompson,grahamalexander@example.org,(420)735-6445x14171
460,216fcd22-a59e-42b4-8bd6-370c31bb86fc,Lisa Wilson,ashley23@example.net,460-567-3755
461,109e1c79-766a-4449-bc6d-86266cf582c8,Nicole Bowen,agrant@example.org,334-965-9962
462,6bf31b82-e631-40c1-8aba-e9e20120d7ab,Michael Smith,eriksmith@example.net,(393)817-1497x43251
463,68da4350-05ef-423e-a3d5-31d930c3eefa,Kristen Mason,tonybarnes@example.org,(262)582-1045x93742
464,84c66a0d-89e5-4ffc-96a9-30bf24e689f3,Amanda Robertson,rnorton@example.org,(824)489-5845
465,68dad908-a888-443f-81fb-d20dc3fb76d3,Andrew Miller,kelly08@example.net,(261)544-1003
466,f808767d-a617-46e0-afa1-fec4978df3de,Amber Lopez,nelsonleslie@example.net,510.520.4510
467,5c3499c6-608c-42fb-a7a0-78b65504b2ef,Adam Le,jacobkrause@example.org,+1-804-481-0982
468,303469a4-421c-445d-9eac-3776e3656214,John Raymond,jamiecollins@example.net,675-449-8948x598
469,672a188b-6264-46c8-ad71-2f64189285c8,Chad Atkins,ryansilva@example.net,(832)229-8526
470,30ea3b24-47a7-46be-81e6-4421069ac563,Mary Bass,lopezdanielle@example.net,+1-730-284-4164x816
471,c43fa820-13be-4ddc-811d-d2343354e971,Corey Mcdowell,bowersbryan@example.org,253-978-9209x66629
472,0fa554da-5e8f-49bf-a57a-2510a090840c,Renee Case,arthurdavis@example.net,978.228.6974
473,72bf93b6-d28f-4f70-9c4d-c40e03f2240f,Ryan Kirby,wbarker@example.org,(556)495-0191x55172
474,81ee9919-93c2-4a68-9879-363d9824cc44,Justin Palmer,snyderchristopher@example.org,328-671-8881x015
475,7ec1e6b1-1c23-404d-b52c-eb90fe1a100d,Jeffrey Estrada,tinahowell@example.org,+1-811-220-7282x2133
476,b987d9cb-f46c-4e64-b3cc-d1649ac184bb,Stephen Bridges,frenchtina@example.net,451-491-5241
477,73536787-9a90-45ee-9832-f4079c9de198,Alex Malone,jonesdavid@example.com,345-865-5823
478,cadb2d27-d52a-42ae-9d69-7a28b2cf669a,Sylvia Monroe,nelsonkaren@example.com,001-913-538-4706x9370
479,786d0e9d-0b51-4e30-b106-022b2dd24323,Lauren Myers,sheliagreen@example.net,(703)585-1684
480,2e5b8bc1-03a0-4c30-ad94-b967d2e0cc39,Michael Patterson,gregory03@example.com,(643)899-4419x005
481,cc269cb8-4b85-495d-a208-5c441d8fd117,David Johnson,uhughes@example.org,551-433-7499x4664
482,20b23093-9b71-4217-9a41-e0f85bd66069,Samantha Crosby,jonathangreer@example.net,001-374-954-6338x31798
483,9e975a72-37d0-497b-8d4d-8f09123a0347,Matthew Evans,jacksonmaxwell@example.com,+1-312-675-7591x847
484,c71945d6-69d7-428f-bfa7-de9da9211985,Susan Reynolds,thampton@example.net,(360)591-2225x55516
485,4d40ccbb-3293-4baf-98bf-8066d5f7ed97,Kaylee Moore,amanda75@example.org,690-688-7241x29151
486,92816f71-7732-481d-a7ca-b4a27c0310db,John Anderson,nray@example.net,844-435-4281x912
487,1a17db31-7034-4412-a6e0-5bbbcc118363,Erica Garcia,singletonsandra@example.net,492-544-4727
488,292b6ea1-81bb-4084-97fb-46d7021c4200,Samuel Parker,ballardbrenda@example.com,(224)949-3701
489,76135584-cb89-48ec-b4e1-ba7388886973,Joshua Wilson,chad89@example.net,583.273.7126x0698
490,ca92daaf-088b-4527-911a-b60ff13283e1,Heather Mckinney,greenecourtney@example.org,(894)805-0188x73351
491,18a27f84-8175-411a-9862-c42d1b280dc5,Theresa Stewart,michael26@example.net,+1-925-691-0065x55814
492,d25e93f2-309d-44f9-8229-a0de10bf5839,Heather Cummings,robert34@example.net,(238)254-5363x218
493,d1995fea-33cb-40f2-ad68-294d28292c9b,Marcia Sullivan,svillegas@example.org,588-450-8444x478
494,7f67a67f-3a7f-484a-84f0-b534a753db89,Jill Fitzgerald,darin86@example.net,324.641.5530
495,56fca624-d4eb-4de2-85a4-ed70f39aba84,Kristen Wong,holly77@example.com,425-333-4836x507
496,12189083-95f0-45e9-b3cf-4aa4e5c681e7,Holly Gibson,wagnerjennifer@example.com,001-279-850-6090x41305
497,d4d07e1f-aa7f-4fc4-abce-8cbc890ffb20,Krista Reyes,wileybrian@example.net,502-215-1990
498,04c3a6de-99bc-4f93-86e1-fc25a0e954d9,Traci Pierce,tamarabrown@example.com,869-422-3582x49609
499,d2624f78-865a-4a9a-8074-df98888e06ee,Kevin Miller,jonathanburns@example.net,+1-913-917-3733
500,98ac44bf-9b8a-43e1-8aae-99582d656d6c,Wesley Clark,johnathanwoods@example.com,568-542-1735
501,0174d37b-669a-443e-a16e-17be16d90d72,Tonya Garcia,icobb@example.org,331-486-0319x8081
502,48f9c527-98ec-4cd9-96af-9df72979e708,Crystal Rogers,rwheeler@example.net,863-692-6141
503,05b6d25d-8284-4003-8722-d11544e2e865,Mr. Jeffrey Peterson,debbieburke@example.com,851.264.3515x56055
504,01afc515-0f7d-432a-966c-725d9d60b612,Debra Williams,darrellcook@example.org,(565)857-4489
505,e0f6f153-6933-478b-bdb2-355e0d8704d0,Jacob Mccann,schmidtapril@example.com,685-217-3856x4879
506,5cb133da-08df-44b4-9907-73c7154fa07f,Wendy Hill,nancy88@example.org,(700)541-0687x804
507,bf7090bf-7900-44ac-8bca-3e6122fe6089,Daniel Harris,codonnell@example.org,250-699-3150x6582
508,19acddc2-8378-44d2-a4f7-cfae6262ab7c,Madeline Davis,susanmendoza@example.com,(516)395-0901
509,d16c6cf6-b2d5-44ca-9974-a869d3916aa9,Dr. Cynthia Simmons,scottcaitlin@example.com,301.578.4440x298
510,33d3371d-0274-4815-a491-882e734f1b16,Paul Kerr,karashannon@example.com,464-541-4224
511,76473cdf-44a5-42da-aea8-6ca860f8bd80,Dana Wilson,dgrimes@example.org,001-242-353-1297x33568
512,3f3635f7-b67c-4da5-bd00-76bd7791d874,Joshua Garrison,odonnelllinda@example.net,001-647-895-9139
513,807249e4-962e-47e4-ab9b-ae5b6a90374b,Lee Valentine,christie57@example.org,+1-878-255-4275x764
514,f0b4fe66-88e9-4bb5-9ce2-2147cdf499de,Anthony Flores,houstonjuan@example.net,(874)528-9494
515,914d5f96-4b9a-4fdc-a6d8-29c94b1c6f3e,Shane Logan,jeremy65@example.org,(230)339-9718
516,7510b117-38ea-4831-9555-c1741fb296c0,Linda Anderson,robertsdavid@example.com,(309)990-3706
517,b7435b33-0637-4917-b1f5-d1e423d59dc1,George Robertson,christine55@example.net,747.585.7088x642
518,bbc477fd-3670-4e57-ae7c-23f8f7b3d837,Kristie Simmons,ryan37@example.org,358-968-3299x3254
519,9c71c666-049b-4384-a537-dd00261f1d09,Linda White,taylor51@example.com,(533)527-3695
520,464b0f64-0e99-429a-b23f-88fed8507ae9,Jennifer Page,colonlouis@example.com,+1-302-628-5762x587
521,bf537e76-9527-401f-b133-d38c5c261b35,Gregory Roy,pierceemma@example.org,+1-961-327-2593x6797
522,51b009fd-07ce-4cf1-90ce-3b50a81ca71e,Amy Gillespie,anthony26@example.com,(846)364-6211
523,d3cc3418-778d-4338-a8c9-e54769e7ad8d,Arthur Campbell,lauraweaver@example.com,(759)225-1688x859
524,78b84ae2-aed8-4863-a7a2-3a783f048193,Michael Solomon,terri10@example.net,(361)482-3664x31831
525,f97b8e12-b442-46b7-b3f9-ce616e268b87,Cody Carter,morenojennifer@example.org,+1-597-596-0000x117
526,92b36ac2-90ca-4f05-8e3b-a8eb3b0a30c1,Peter White,christian91@example.com,(789)682-0043x5601
527,8eaff720-0ceb-4a90-8973-c05f842e078b,Garrett Leach,harpergrant@example.com,001-415-818-3391
528,8791dc6d-d1d7-4b1b-ab14-bb9df09b602d,Cheryl Mays,yorkbobby@example.com,763-477-1701x236
529,6c3b373e-5ffb-4603-bc21-826572758fed,Antonio Reyes,qrodriguez@example.net,360.657.5064x37949
530,6ea8814d-55c1-4ffa-83c5-67d2ae7bb656,Stephen Edwards,rodriguezmary@example.com,295-472-2351
531,39e9df92-370b-499c-bb8f-18bc3677228c,Katherine Pham,ygonzalez@example.com,956-451-6739
532,877775da-38f6-4310-b9eb-a77a939b971e,Eric Valentine,jody56@example.com,380-376-6562x43841
533,6c41db2f-4e5a-448b-80c3-47d51cbba617,Kendra Jackson,woodrhonda@example.org,(964)691-0540x50142
534,b37773e9-12b1-4820-a08f-f1ddc8548a7c,Steven Bautista,johnlee@example.net,2602130359
535,605daf0d-4d8f-4d0d-85a7-e88637c907b8,Linda Fritz,vcohen@example.com,645.525.8691
536,e0ed0344-0602-4518-aa0e-f42081fd3e3c,Dawn Key,ggreen@example.org,+1-352-714-4753x00726
537,d8a4c30b-90bc-47da-a80f-b06ff512a63d,Tiffany Powers,perezsarah@example.net,(311)945-0986
538,819e90a9-43a1-4312-99cb-59899006a793,Tristan Salazar,christopher29@example.net,+1-905-858-1615x8262
539,f01cdf4e-88b4-415b-bf24-51a88c8adad6,Jennifer Rose,goodmanchelsea@example.net,+1-645-473-8848
540,4146a122-4bea-49c1-953f-fe498bb905cb,Willie Mason,vharrison@example.net,762-459-1725
541,ef1be8e9-c1a9-4d67-a251-90c699ee70c0,Kyle Mullins MD,davenportcrystal@example.com,744-821-4801x2191
542,baa65a00-af72-480e-bc32-c2b961ef8da8,William Evans MD,stephanie66@example.com,9497241390
543,50e9797a-1036-4485-be91-0e53d874f60b,Andrew Hall,tyronerhodes@example.org,779-584-1968x80099
544,5a48ac42-e3ed-4f7f-aa39-a0a8cbb17017,Tina Blevins,louis92@example.com,756.341.7187x2063
545,a74b3ccb-1576-4155-b646-1044591c6315,Nancy Hayes,vroth@example.com,(746)759-1993x252
546,14de130c-bf57-4ad3-af43-9716d2c336cc,Jennifer Singh,tgrimes@example.com,335-687-8762x259
547,54321db9-8578-4bec-9e22-fa5ff30894ae,Douglas Miller,johnsonalejandro@example.net,359.732.2850x4171
548,b40c4c73-f9b4-4018-8450-4a67c2d8eee8,Ariel Briggs,scottpineda@example.com,(518)493-0169x8423
549,3ac99449-1fd2-4dc9-ab93-ee116b508002,Katherine Rodriguez,mmurray@example.com,(873)510-6107x980
550,dd306e59-9338-49c7-887f-ae85741b0a34,Marcus Smith,harrisonrussell@example.com,(311)941-8161x4192
551,4d5813cf-5bc5-4ee0-aa54-f11e42a0e374,Regina White,randygarcia@example.org,786-908-6861
552,0bfd84fd-0770-4bee-8d6a-2be4648b6f25,Michael Carrillo,sbeck@example.com,5435181087
553,44354e8e-03d3-4657-abf9-bc8352d92dbd,Richard Rivera,rperez@example.com,622-259-4890
554,7710af92-e300-4425-842d-c17045c2e2a4,Michael Mendez,judylarsen@example.com,(490)930-5782x06334
555,7feafc03-bc8c-47dd-a801-a44318c94a47,Edward Reyes,ramosstephanie@example.org,001-381-328-0095x48965
556,8ff892d7-d171-4110-b9ba-19acc46f35fa,Dalton Bond,kayla78@example.com,802-767-1627x6862
557,31847f0c-2fc5-4b6f-a47c-713124613721,Curtis Medina,david33@example.org,806-718-4312x1272
558,669e9bf1-c1c1-4add-92ed-6b58f6c45ad4,Robert Hughes,wjones@example.org,790.753.6446x343
559,efb7b638-c858-4b77-a765-21ff29e46481,Anna Perry,jessicahendrix@example.org,(990)989-7904
560,3f6dc867-ca46-43a6-a715-a73f3a2c26ee,David Bennett,kellerdaniel@example.net,366.818.8701
561,124e0e56-b0cb-48d0-bb29-f8ad81a65de7,Timothy Singh,elizabeth55@example.com,001-907-592-7511x690
562,a9a0208d-21c6-4b3e-9b1b-cc43caeb1715,Micheal Meyer,zporter@example.net,785.737.6074x612
563,f06f9d0d-5c4c-4f3c-8151-94323d1df7a0,Michael Edwards,ericking@example.net,001-266-707-4843x668
564,7fe48bf5-ebfb-4abf-897f-3a45255d8c26,Michelle Daugherty,pkelly@example.org,(384)681-7729x23767
565,b7d56038-8507-44e0-bbb7-7dd4de7375a0,Kevin Wood,frank24@example.org,(862)363-1707
566,acf567af-31c6-4bc2-bf82-11a2f126711c,Jordan Richards,randrews@example.org,001-953-659-2603x4412
567,b402c4b6-275b-48d1-ac1b-5ebce797e806,Robert Gibson,bbaker@example.com,715-339-9891
568,414fabf7-7a2d-4e89-a4b6-4ed50ff57efe,Jeff Evans,zhill@example.com,+1-735-336-5102x486
569,dbf065a5-6794-453d-beea-62a353dd98b6,Gary Schaefer,tpetersen@example.net,247-723-6984x739
570,05d7122b-f32c-4345-8c78-db97e96d7935,Kevin Phillips,bowenjimmy@example.net,(898)381-7460x5107
571,818284a6-1426-46b5-97f9-b44b48d84c5a,Stephen Clark,ramirezjames@example.com,(314)886-6820x7872
572,b08c013d-9a0b-4d2e-a974-56b4fca11862,Deborah Gray,lochoa@example.org,6882057987
573,5e9891f7-2211-43a8-a073-365e3da4c654,Gabriela Davis,stephanie04@example.com,305.244.0872x566
574,b36de56d-f8ea-4448-8301-548f039f4a31,Edward Scott,umendoza@example.com,+1-262-654-6016x180
575,d9239385-72cd-4a9b-b6a8-092c3af8b32f,Aaron Johnson,jonesvirginia@example.com,(286)354-1344
576,55698be3-e091-424b-9572-ceba39920b3a,Kelly Ramos,kimberly89@example.net,+1-257-557-2797x549
577,a901f509-f2bc-47f7-901c-8d8c3b3d4293,Stephen Hurley,stacyskinner@example.org,+1-931-927-0425x5724
578,89e1106a-4dbc-4729-a3fe-800107d739f5,Lance Oconnor,smitchell@example.org,(338)562-6714
579,05820a6f-ca91-4de4-b280-8915088e5bf6,Alexis Hall,paula31@example.org,+1-747-482-5065
580,38beb5d2-ceec-4b43-b189-b4f16a9504f8,Nancy Murphy,utanner@example.org,616-469-2166
581,de162cad-28ac-4ca2-bb14-63a381c65355,Joel Smith,juliasmith@example.org,885.908.0381
582,5d556cde-42df-48cd-8e22-fe098d27d8ea,Matthew Clark,gshaw@example.com,5693524595
583,97d31338-dcc7-4df2-a06c-395dca3e2696,Joseph Robinson,david22@example.org,849-283-8277
584,407fd47f-1cdb-4abc-8473-0fc077db718c,Erika Ho,morganmark@example.net,580.822.0689x307
585,ec81f76a-774d-4a44-84b8-24cf8ce76147,Jacob Perez,antonio34@example.net,349.445.3758
586,ba37df83-7efa-4dff-96c5-d8739d1f45d2,Laurie Garcia,brianperez@example.net,3025834672
587,161c4165-6cf1-4641-bfdd-d33d6019db57,Darius White,michael00@example.org,744.567.9583x5323
588,e50507da-1a3a-475f-83be-82a183c80fd5,Jacob Sullivan,huffchristopher@example.org,+1-324-648-0062
589,ba5ffe95-319a-4774-889a-cf97353dacac,Robert Greer,brandon68@example.org,(352)894-9824x8122
590,6ee31a9c-721e-40ea-ba28-f90581e8fb56,Spencer Palmer,crystaljohnson@example.org,819.620.8933
591,fe316eb5-c94c-4cf4-8699-c938c319d463,Tina Martinez,pottsmark@example.org,429-598-7973
592,a7f4195f-fb4c-407d-b908-023e5232159d,Denise Montgomery,amy77@example.com,+1-480-331-4883x687
593,e9440dfd-12f1-4fc0-b3a0-71847976cf5e,Christy Church,stevenwilliams@example.org,708.886.3942
594,dfa57bbd-df49-40d0-8986-99617be4e841,Adam Copeland,susan71@example.com,001-374-877-3925x4309
595,d8d81c7d-1c13-458e-9016-63445cf276c2,Sheri Perez,carrieballard@example.org,210-976-7767x240
596,37774923-6e23-4fcc-a363-a23fe3b7c91f,Richard Forbes,lowemisty@example.org,001-360-312-2257x881
597,b71632d9-bf91-4b85-a4b0-cf8bf7226046,James Kelly,hernandezamanda@example.com,+1-494-603-2061x1774
598,27cfaf96-8b18-4662-848e-01dc5b2f6c27,Stacy Leonard,sheila68@example.com,613.279.9105
599,c733548d-8419-4eb2-81f0-1b95230a3504,Christian Barton,suttondillon@example.com,732.516.9535x87254
600,fe902ac8-4a5a-45fb-a1cf-b9df3733baa0,Allison Aguilar,bruceteresa@example.net,001-405-604-8855
601,dc378a0c-3d81-4f89-bce9-a6fe6c4de568,Adrian Walker,conwayjamie@example.net,(657)518-1906
602,da88605f-dbe1-454f-b8fc-02b35319cd6f,Michael Green,rodneygonzalez@example.org,870.952.7820
603,4e7fecb7-86f8-4d2f-b537-4bbde83f41a5,Melvin Weiss,williamlopez@example.net,+1-339-415-3398x4110
604,a34a3391-03ee-4c6d-99ea-52bb5c0e2a83,Debra Carson,deannarobertson@example.net,486-815-5321
605,1bd527cc-099c-4457-8ff6-daf5619e73e7,Stephanie White,linda42@example.net,971-342-8274
606,867903fd-6a59-4634-a9f2-65aa7d0af84b,Adam Sullivan,barbarasalinas@example.com,360-596-5294x1823
607,41b9db27-4d49-4be5-a623-0ca70dda0d79,Tracy Blackwell,ebennett@example.org,527.355.0810
608,d8fdacc0-c655-4d91-a130-7089c5ed5ea7,Sharon Kramer,katherineharris@example.org,(815)214-3241x97810
609,f9cabf51-29e2-4063-bba8-429c5adb5285,Diana Roy,lambertdebbie@example.com,940-499-8728x5911
610,5bce2b2a-58af-4971-a57b-a0108997e91c,Ashley Franklin,carneycharlene@example.com,6337073544
611,58fa5b5d-1c57-4ded-a4e7-648199c917c9,Ashley Wilson,longshannon@example.net,426-359-2053
612,959b20ce-9d13-43ba-a492-bcfb99023164,Kristina Mullins,latashahorton@example.net,244.238.5027x58513
613,ddd6030b-626b-4adc-8093-607de100cefa,Gary Davis,khall@example.net,001-249-675-9307
614,080d8995-a11d-4817-aef9-333640f4dbb0,Rodney Ford,roberthudson@example.org,885-712-2886x3480
615,e0efb70a-77f5-4958-97b2-8b516433035c,Barbara Noble,robinsonhenry@example.net,893-492-4587x319
616,a6599049-95ac-4642-88fe-5f3ed4b5b6fe,Benjamin Harris IV,cartereric@example.net,001-899-638-6386x878
617,2d6645e6-867a-4ac4-9c9d-6639d283decd,Robert Mclean,yduncan@example.org,643.691.2687x6088
618,074ae598-60ed-4a88-abe0-0bfc76501a1c,Tammy Dorsey,anthonydavis@example.net,+1-758-513-6610x6641
619,a3b6a0ef-f616-4253-9aa0-fd05f7fa12ed,Melissa Larson PhD,tcummings@example.com,001-238-700-0418x3579
620,41211f6f-d79b-4c6e-a6ad-8e069687bb44,Joe Moore,briggsjesus@example.org,793.519.8727
621,bf077eea-d2eb-49e0-bfa8-cde50966cfba,Cynthia Odonnell,icook@example.net,+1-492-927-9685x07682
622,1f62a593-519e-4055-b6bf-befcdd5ef7f8,Gabriel Rodriguez,ortegaandrew@example.com,+1-893-719-0005
623,cd165e80-a53a-4730-8886-44fed507762c,Michael Dunn,frank25@example.org,001-438-587-3662
624,c6b2a110-0220-43aa-a4be-8b8c716044cc,Todd Garcia,kathleenpena@example.org,818.346.2020
625,5a01e9e3-e2d5-46b8-abb6-9cce779d194a,Bianca Cooper,vbrown@example.org,+1-273-244-1729x951
626,0bc65a4d-c6df-49a8-8b1d-353de41aaf7a,Kelly Harris,timothywilliams@example.net,(436)394-8545x6414
627,2c25de38-403b-4607-9e05-1856e70de1fa,Katie Sanchez,anthony20@example.com,001-301-674-1533x4548
628,c32bcc70-0b8b-4434-8651-5d6fdb8f90f1,Courtney Johnson,gomezmarissa@example.com,930.633.3268x15206
629,e09db57c-6c6d-45c9-bf15-5809ed7ffb78,Frank Bray,fphillips@example.com,967.548.6140x9241
630,38efc6a1-ec8d-4943-83e9-ddd390178296,Courtney Davis,emma17@example.org,957.933.9739
631,aee067ec-9db8-4751-a0dd-35ee1dc30492,Colleen Reed,khodges@example.org,(293)602-2830
632,3581e6a1-17bf-463e-aabe-50f8591119c9,Eric Mathews,mary94@example.com,+1-275-316-6922
633,994f3212-f399-4e7f-8091-4b6eb0144b6f,Christopher Brown,nelsonbrandon@example.com,001-960-780-6323x34799
634,e066c4bb-2bc2-4e31-8c17-4fe699f655cf,Nicholas Carson,hclark@example.com,+1-450-649-8428x814
635,beec0a6e-30ae-47fa-a9a0-84154a286088,Cheryl Irwin,garciakeith@example.com,+1-755-924-3453x24252
636,f9e7d61e-8a5a-4c72-8147-4d7d852ad57e,Ashley Marsh MD,youngbrian@example.org,(889)899-4387x523
637,f0885148-d8bc-4303-8a01-e2a6b47b7327,Patricia Kelly,ana20@example.com,213.558.7894
638,3f9aa7e1-6a3f-4571-9ec3-36d58f9b70fd,Kevin Bird,cheryl82@example.com,+1-276-670-5832x3970
639,298fd6dc-cc76-46f4-a0c9-7e863fe208d4,Amanda Matthews,fewing@example.org,475-817-5033x739
640,3a7d6359-ae43-4354-8375-c7aa4802b6fc,Cody Zuniga,vgraham@example.org,(363)511-1726x6097
641,329f48bd-9e85-44f4-80cd-e3b5f80306f1,Carla Williams,ghill@example.com,467.440.8856x586
642,c1f96651-f468-45b1-a068-81258efb04f7,Eduardo Copeland,alyssabrandt@example.net,299-263-0833x918
643,266eea49-91bb-46ba-8997-81eb0bf5f6fe,Wayne Mayo,timothy90@example.com,(817)346-1335x56241
644,fa82406f-4379-4e89-8763-7119d1a00176,Tracy Reyes,ericyoung@example.com,(337)264-9648x2166
645,4bb070d0-3501-4292-8b02-f2dfe6b60086,Melody Ross,kellerbrandy@example.com,001-231-704-7628x77149
646,aa2795e2-87fc-4538-b7c9-396bff387e52,Alicia Vargas,catherinecole@example.org,658.420.8197x5455
647,e30ea2a4-4e19-4774-85d5-347bb2bca77a,Laura Munoz,kellybrown@example.com,285-817-4896
648,9e0ab19b-e2a7-4362-8855-ed5d61a80dde,Angela Brandt,christianparker@example.org,+1-275-829-8123x03544
649,ef7a26b3-2513-4d20-b923-16e691e914cd,Jeff Johnson II,vallen@example.com,387.457.6046x924
650,cec99ebb-c4bb-4698-b2d4-acaa5467e738,Jessica Dickson,ljarvis@example.com,342.480.5170x792
651,dc51fa68-e000-4c10-930d-06e4f672ecd0,Michael Smith,melanie15@example.org,001-668-523-2691x6985
652,5dda72f5-ef72-4f9c-aa59-d85f663ce025,Sheri Wood,kenneth93@example.com,4886260550
653,302cf734-81c2-4c92-91d8-ae5f8275c09d,Ariel Goodman,jonathandaniels@example.net,934.464.5616x82701
654,c9c94bb8-16a6-40c2-8e78-060131df595e,Marilyn Lucas,watkinskaren@example.org,739.402.8854x738
655,3cbdacb3-c1cb-46ae-b496-95073eaf21d6,Zachary Greer,tammy04@example.net,272-968-1708x52540
656,cdf3e43b-fcdf-4b75-9b9b-665a64f6eea4,Jessica Owens,allendylan@example.com,001-368-516-3132x8947
657,598e4b33-e5cc-4945-8b81-0f4113dbd3e8,Deborah Lopez,ehill@example.net,001-440-513-0964x81883
658,af502eda-1b6f-4416-8112-40154e8ea600,Brandi Clark,aguzman@example.org,+1-997-720-9681x13364
659,6770af1a-2fe7-489c-b164-6a76d4f05c9e,Vanessa King,steven71@example.org,(820)372-3082x07741
660,2f69f9c2-f455-4d02-a0c4-4cd361683cc9,Susan Coleman,crawfordkayla@example.net,583-215-5482
661,2d0f2e1c-b8ca-4846-a233-be70fe629f89,Anthony Sanchez,fgarza@example.org,913-834-8579x4382
662,e2aae638-db6f-4d50-a6bc-f157160bd280,Jack Morrow,james12@example.net,(940)858-1755
663,d87218e1-122c-44d0-92d2-7c60c9f94f21,Angel Stout,amandamooney@example.net,899-934-6805x97523
664,322efd31-d0e2-4fac-ab4b-ac2a3b1b0129,Anna Stone,meredith71@example.org,+1-230-771-6977
665,b64a6e4a-2778-4637-b0df-ec85fda52db6,Debbie Garcia,twood@example.net,001-691-991-0827x14880
666,92bed089-8489-45b5-995d-15416a80ced3,Daniel Aguilar,tamaravargas@example.net,950.987.7219
667,7a9a7c9c-6abb-4319-99a9-fc094877c852,Gregory Butler,lynn77@example.org,595.926.8598x45692
668,a4b6a477-f638-4439-b5a2-5644cccfd27c,William Davis,knelson@example.net,+1-668-302-5093x191
669,cdb89845-df9b-4ffb-ac6a-425a08da60f7,Edward Bennett,jennifermoody@example.net,+1-222-498-8576x549
670,badb52ce-4773-410e-9c64-8058f93f78e9,David Carpenter,melissa31@example.org,9088927149
671,8e4b3854-f498-4a12-9c81-782466c81cc5,Peter Barnes,bradleybuck@example.net,+1-942-403-9791
672,8cedf23b-5d11-4a9c-b870-997cfc3063e1,Brandon Adams,paulsharp@example.org,(306)532-9161x0112
673,4e8e5fe3-939f-4bc0-8f69-d83e651adecb,Marie Reilly,wrodriguez@example.net,+1-200-266-8355x159
674,8b395bc8-5397-47dc-9ead-989d0b67b37d,Sean Bennett,kimberly79@example.com,706-884-3578x863
675,c7e525d4-d691-489a-92ff-0294f7450afa,Phillip Evans,klinebrooke@example.com,+1-715-853-8949x0955
676,c3847053-33f3-434c-8047-aa593e9ccf3b,Rachael Harrison,nicolelee@example.com,+1-586-968-2310x05033
677,b856c13a-6e60-44ee-b8ed-489837b60da0,Amanda Hodges,jennifer64@example.org,001-222-626-1805
678,4e3075d9-dc66-49f3-bbf6-45a63b8a5ed5,Megan Morales,sgarcia@example.net,+1-442-898-5841x08353
679,3e74ca10-007b-4fa9-8981-60b61563c1b8,Stephanie Benton,brownjennifer@example.org,001-879-559-8264
680,809a3135-46fc-4255-a8c4-05acb774cb83,Andrew Henderson,jordancarr@example.net,001-379-398-7595x172
681,a3c2139c-5139-489d-a7fa-e6cf128097c5,Rhonda Wilson,cglover@example.org,749.652.8724x412
682,432260bd-f714-4958-b7c8-deed23180a17,Monica Myers,kimberlyking@example.net,621.938.0994
683,cf82651c-c849-402b-84ff-b83c074cc7e8,Amanda Gutierrez,gonzalesangela@example.org,616.826.1229x124
684,a70ecf20-bf68-4126-9b13-4efa09a32913,Karen Allen,twright@example.org,437.372.5934
685,e84f9199-442f-42e0-ad5c-8576f672fe91,Angelica Beck,cheryl10@example.net,+1-633-535-9382x755
686,8b2da2d9-7215-4024-b040-824e33bf8872,Anne Cunningham,carllopez@example.org,(425)919-2494x5174
687,9b0d5594-5b1b-4ea8-aaf5-4f72c86c8c94,Mary Friedman,jamesmckay@example.org,507-389-9957x266
688,026f6683-ea92-4d33-86c7-0311478288b9,Veronica Coleman,perezgeorge@example.net,771-659-6967x00774
689,7b9bc8b1-82cc-46ad-9137-f152c4f96c92,Joshua Williams,amanda59@example.org,001-770-604-2577x39429
690,5c58f101-e663-4f43-b4c2-40ef1719c7f3,Donna Johnston,michael48@example.org,001-554-242-9233
691,6c1303ae-90bb-42c8-aa49-75ad718000fd,Mr. Dylan Smith MD,fturner@example.org,(509)849-3955x91646
692,1115c18d-c15a-40b5-96a4-3d7d62ea2c1f,Laura Murphy,gainesjeffrey@example.com,2664310008
693,b13b8277-28cd-4045-a131-9a122c7c774c,Gerald Greer,sleach@example.net,+1-522-377-2843
694,a85978f7-5a01-4744-a2b7-05b5f21a0f9d,Brian Murillo,abigailramos@example.org,(860)782-9019x023
695,2cb82399-8f23-4f62-8528-ba8fd95b3043,Annette Vasquez,cheryl88@example.net,+1-226-576-5206x51973
696,ae967d8d-fad8-4670-b9fa-9783ac3a24f0,Patrick Jones,tcarpenter@example.com,991.709.2394x8904
697,59af65fa-0486-49f9-b4bc-222d61333f92,Dr. Beth Giles,teresabooker@example.org,432-430-2352
698,df23a043-a374-4ed3-bbd0-98c841dc1d22,Terry Watson,jwade@example.com,(448)905-9181
699,a751606a-4a97-422a-844c-14b5c34544d5,Nathan Robinson,lpeterson@example.net,(898)212-2501
700,0e7258ab-36c3-4243-8d5c-db41457fb30b,Dominique Anthony,amandaowen@example.net,+1-516-532-6773x6356
701,e8cd4a6f-1ab3-46af-a1dd-096d1eef24d0,Jill Mcdonald,christine53@example.net,417.708.1186
702,3808d7e1-1103-41a1-bbcc-0f6b2defe1ce,Justin Hoffman,andrewscatherine@example.org,4774458562
703,1daff611-2f06-48f9-b6a9-6dfdef98f11d,Peggy Kaufman,christopherstanton@example.org,001-598-749-5749x59642
704,e3c080e6-ca1c-4458-b6fc-23377a2c8fb5,Robert Malone,wendy71@example.net,(847)841-6255
705,cb28c564-4f28-446e-8f46-b50d3f0907b0,Mark Randolph,kelsey99@example.net,5514147392
706,eea5102f-74ed-499c-8ebd-c10fac5d0c3d,Bradley Smith,melissashaffer@example.com,595-398-5778
707,a661b75e-13de-48bb-81f0-42cb3aacbbb1,Rebecca Thompson,pwatson@example.net,001-666-800-1064x591
708,099dd2c1-7050-47a0-ace6-aeb06dd8c5c7,Ryan Anderson,andrewryan@example.org,4089142252
709,9019c8ec-6325-4702-80f4-c2a5a2900c13,Susan Mcbride,katrinahays@example.net,001-616-677-5548x50694
710,c8232912-4bc9-4566-85ee-07e259359dd0,William Reyes,andrew50@example.net,815.379.1749x728
711,efaf5aef-3b3f-4ff0-83af-dc7f9702c7be,Michael Hayes,lauren79@example.org,(462)906-6649x330
712,564f841f-8479-4256-a4ed-3108e22c0e81,Tristan Hayes,matthew83@example.com,830.266.3274
713,cfb0ae00-dfaf-4513-bb78-575342f67596,Sheryl Kelly,danielthomas@example.com,369-777-6277
714,75cd76e5-a324-4132-8707-6de19085eeb1,Mr. Glenn Miller,nathaniel43@example.org,+1-271-612-4314x5761
715,8dfd67af-5c9b-44cb-a8fe-c14b84e3dcfa,Matthew Carter,jennifer09@example.org,504.705.6147x5268
716,ca504940-cacb-4aaa-bb19-30f8d9b093be,Dr. Katherine Blankenship,millerjames@example.com,(675)203-8426x6658
717,0c61ad57-eced-4d01-a6e8-9b5c55ae5633,Warren Khan,catherine83@example.com,4016990219
718,3441eae8-586b-4a3e-90f8-722d38b2919b,Kevin Jensen,xhowell@example.net,001-724-282-5022x28975
719,2463cabf-19ef-48ab-928d-97b66ae2dcba,Lori Brown,melissamorgan@example.com,(381)508-2288x61041
720,2b287c72-8b36-427f-ad71-1b6767abc1b3,Dr. Julie Fletcher,scottsmith@example.org,951.382.2326
721,7fb15ed9-d0f7-4221-adc9-ca7690839a4d,Amber Brown,stevensmark@example.com,567.861.1741x6245
722,349b6964-c8c9-466a-a0e0-1d8112432eca,Darren Odonnell,autumnedwards@example.net,001-584-718-2422x230
723,9f58f691-a178-4523-b5e5-98ad9423250a,Kathleen Leon,mbarnett@example.org,345-561-7070x849
724,058cc305-8a31-412d-92e5-858f99c146a6,Terry Turner DVM,megan90@example.org,(659)646-6941
725,6eaa5415-604a-48a4-9ec4-9c6a78c6c298,Anthony Hood,morenochristopher@example.net,496-667-1981x20162
726,97485542-4d09-410f-957e-eb059c4c3a57,Kristen Perez,sanchezchristopher@example.com,+1-230-344-2924x44160
727,bdd8e924-905c-4ec5-9f5a-0e93410ae7d0,David Vargas,briancortez@example.org,(722)354-6330
728,57c540c2-05dd-4cf7-8d2e-98a915097c72,Kimberly Johns,griffithstuart@example.org,8849119745
729,ec326c6a-1502-4661-8095-e422338b1423,Sabrina Goodman,jeffreydavis@example.com,304.957.1803
730,3d15a469-9be0-46aa-ac3c-ed91853f9c05,Taylor Mcdonald,robertsrenee@example.org,358-816-3022
731,00496016-5229-4e2a-886e-5f7fa11761f9,Beth Henderson,kbaker@example.net,001-787-832-1858x538
732,4482b7db-2d5f-4c66-ae82-3269b31afbd7,Chad Stephens,genebell@example.net,424-751-6385
733,6adf86fa-2d26-441f-8504-0a1463945be1,Frank Jones,brownjulia@example.org,8734288123
734,ebedc62f-1a7d-4170-93cf-a8263652ff81,Michelle White,madeline93@example.com,487.346.7736x82537
735,ed3645c3-282a-4818-a0bb-cc2dfcbb73ef,Brandon Baker,brittanycarey@example.org,276.478.7710x35771
736,24994aa3-a933-4a36-94ac-8fa93c944033,Alicia Hill,suttonsergio@example.net,503.201.2816x06575
737,465ee2aa-3484-4cef-8482-91ce798abb85,Donna Griffin,mpierce@example.com,001-969-955-2973
738,3e0cf657-f21a-4aef-a5b8-45001be61a01,Joshua Barrera,bartlettpatrick@example.com,7629002608
739,fe77531b-0b72-48cf-8bad-7bd7022847ff,Nathan Nixon,richard60@example.net,272.332.1140x43185
740,b99a6ceb-5c9a-4ea3-8079-e92bd4eec31f,Bradley Jacobs,pottssherry@example.org,001-284-820-7296x797
741,b1405b57-b7ab-48e5-890c-e7fd0b6f3855,Steven Holmes,dfrancis@example.org,+1-709-871-3096x9811
742,8500e57c-0fad-4166-b1f2-fef788e3ff31,Bryce Wright,tamara20@example.net,001-425-269-9954
743,8a443704-73d4-435f-90f5-2e2b047bb4ec,Timothy Oliver,qholmes@example.net,+1-221-879-2327x658
744,28541b7d-ca7e-4f0c-ba9a-726061cb3d1a,Lori Martinez,vrivera@example.com,+1-784-389-0082x26784
745,263670b7-e027-43d9-a10e-6b947183d911,Latoya Cook,cynthia45@example.org,001-531-617-2828x462
746,be841686-40f4-4ab1-ba70-77f4cb7af5c6,Joseph Rangel,alan02@example.net,+1-354-896-0743x23235
747,80928d38-6ad3-4d36-84a6-c16115c99162,Mary Phelps,jacksonandrew@example.com,2367354019
748,fdb10388-f291-44df-94d9-304e825591dd,Matthew Mccall,randallpalmer@example.org,306.547.9385x146
749,0f8228ef-4d86-447f-b20d-acde45f89b55,Lawrence Simmons,christophermercado@example.org,001-811-869-0852x2119
750,e98e4407-ba69-46c0-97ae-c9d55fcf5564,Jaime Camacho,usmith@example.org,660.538.4992x18514
751,71db4b53-2cf0-4971-bf67-ba9165a3a2d9,Ashley Cummings,mthomas@example.net,+1-730-634-4097x41299
752,b5486deb-2fee-4cb3-a4ab-f6a21b5a51a0,Richard Martin,david18@example.com,(317)283-9525
753,cb0f916b-2a0d-436c-8d8f-a49c43f3eb92,Karen Williams,michael64@example.com,892.237.1111
754,21a26a5e-5ff1-4e1f-ad84-95a28e162938,Stephanie Norton,icohen@example.com,001-234-570-1711x3465
755,b97dd8ed-f2a5-4c8b-887f-c6cbdf02c448,Jacob Schneider,jwagner@example.net,+1-689-804-5010
756,48a0a6c8-7110-464c-922b-cef3b23ab8fe,Kenneth Allen,robert85@example.org,(953)246-5820x925
757,6bee484d-4edb-4641-b503-92874ea4ab14,Edward Mann,michael69@example.com,+1-891-377-4464
758,b2121364-08bc-444d-b589-c433260fc296,Patrick Curtis,beth28@example.org,708.770.1155x204
759,b9259a72-b08d-4254-8941-6db93c647cb0,Arthur Frey,carpenterthomas@example.net,867-980-0870
760,e441fdee-8f47-4a83-82a1-dd129473ba22,Scott Buckley,christian31@example.net,001-856-963-9681x1247
761,c0bbfed1-1236-4047-91ee-9dbc16bd17a3,Eugene Harrison,jodimaynard@example.net,001-913-645-3160x4490
762,82fcf41b-5c4c-494c-87e9-05c6b0cf25cd,Alexander Baker,willisamy@example.com,208-927-7642
763,d7e29745-f45b-4374-9b2e-e3f7aee2cf06,Teresa Brown,mooreadam@example.org,714-216-2842x1252
764,867171f4-0350-4ead-b0c7-b77fa4cca3ef,James Rivera,riverapaul@example.org,(825)465-5614
765,1bfdbbb4-c188-4895-86c0-768032f25fc7,Brett Odonnell,thomas86@example.org,(892)693-6962
766,c222ba41-5a58-40d0-8c3b-4aa1a4aa4e95,Amy Gray DDS,rpetersen@example.com,(873)910-4970x4485
767,7f02bf2c-770b-4de0-bceb-8c9b1cac2e27,Krista Clark,xdaniel@example.net,652-260-0052x65707
768,a77f9d41-2a4d-440a-82ec-8b322423eab3,Richard Bennett,iroberts@example.org,001-461-686-0312x57774
769,d39f754a-10fe-4745-810a-d6e00db77a7b,Jordan Roberts,davidmartin@example.com,937.342.1150x280
770,d58db392-7be1-435f-9415-8bd5dea13728,Richard Smith,james13@example.org,(532)724-3152
771,d1f55c96-8993-4763-bd58-08f680c6db46,Michelle Rodriguez,jmorris@example.net,001-268-636-8095x3851
772,665a7032-bc9e-42d8-8ac2-d5c05c946fd8,Jason Nichols,rodriguezwilliam@example.org,+1-631-696-7991
773,4bbe3273-0d1c-420c-b130-45792702faf1,Ronald Kelley,georgebrown@example.com,562-860-6194x46216
774,440628b6-72ab-4509-a160-b6b235863b4c,Michele Peterson,cpatel@example.net,+1-593-945-1056x283
775,83b5e594-dfe7-41c9-838f-b6ac4f24a405,Ashley Edwards,carol48@example.org,+1-403-629-3205x95244
776,5dcaf11a-63a0-451c-94a8-1f3e17da3475,Larry Brown,briankelly@example.org,+1-734-504-9600x1355
777,546a17a9-faf4-4d19-8695-433a975ba063,Travis Harmon,peter56@example.net,999.899.9068x10543
778,fcde18d2-65f0-49ac-adec-1bfe01f58159,Jodi Walls,tony92@example.org,001-491-866-4343
779,c323ecc9-0834-44a4-ba34-8523485e0901,Jesus Greene,martin28@example.org,001-949-302-7423x6252
780,362ee64b-9503-4410-8408-fd6efe7ae3db,Jeffrey Perry,richardbarrera@example.com,(592)775-5709
781,c76ebb4c-5de6-426e-96df-5d19b0592bb8,Kathleen Harris,michael10@example.org,8434867184
782,3aecd3a3-0671-4a34-be55-d3a519a99f85,Rebecca Dudley,ytaylor@example.org,+1-996-225-2477x579
783,e5211953-c8e9-413b-9e33-bbcc328ce59b,Alec Ryan,sheppardtina@example.org,292.414.4761x7551
784,625fa874-148b-41ad-bddb-fe06ce04a879,Robert Thompson,dlewis@example.net,(509)224-2244
785,604cd75b-8efd-44e1-852a-ba6a021a84cb,Dylan Hartman,wigginskatie@example.net,(841)884-3704
786,652e5d70-9b1c-4425-aa6c-b08a59d491ef,Wyatt Scott,ortizkristen@example.com,+1-322-522-5163x62759
787,032b5ab9-e57a-4158-a8d6-92f1f574096f,Brian Robinson Jr.,paula69@example.com,569.525.2438x394
788,5940aa74-810c-40ae-b86a-51126dfe76f0,Joshua Weber,kevin40@example.org,315.503.4645
789,d083227d-11b5-48f6-8597-2358e80f33a6,Danielle Moore,lawrenceaaron@example.net,+1-871-274-1075x9226
790,8f16e851-b8b1-41f9-88f8-1201ff6a5f77,Danielle Wiley,bruce77@example.net,681.668.5594x41084
791,6293237f-ab21-44ff-8233-6b820b28c461,Catherine Jacobs,brian69@example.org,855.271.1195x16647
792,d8b02f2f-6db1-4d58-8013-b12d8b8b0977,Frank Jackson,jonesphilip@example.com,211.947.2672x242
793,b3149126-5218-4c7f-bf7c-5c3361d57364,Karen Jones,shannon37@example.net,(494)335-9221
794,8909a165-d660-4366-ac5c-08a6737a4dc2,Ethan Jones,kwoodard@example.com,(813)706-1841x084
795,4d23ee0a-118b-4b60-900e-7d974ff9c1ca,Joseph Raymond,rwilliams@example.com,636-982-3524x91074
796,c5de9222-efb5-4541-af5f-e1efeb72cd9b,Christopher Wade,smithdale@example.net,370.595.0584x0428
797,ff8ae688-7001-4800-986a-063cd9565723,Shannon Peters,diazmarcus@example.org,(382)809-1558
798,82792756-96fd-406f-95cd-9ce9d9d01fdc,Keith Mccormick,mary77@example.com,+1-799-888-1377
799,01eeea86-a7fb-48ab-bb4a-657cd177bbd8,Rachel Walker,qgardner@example.net,323-271-1561
800,7f4a4eef-4b69-4ca1-a998-526e5d6b6825,Mark Mcknight,luis08@example.org,(255)918-2122x73829
801,d1ad619d-5091-4952-bf90-e11e3269f0da,Edwin Hurst,marshallmatthew@example.org,(893)975-0757
802,10bc06d4-92d7-4afa-9207-f9bb69591ac4,Michelle Castillo,yharrison@example.com,+1-290-759-0687x937
803,abb70c6e-41f0-4da8-9103-bd7c12445bb7,Nina Powell,alisonlynch@example.org,497-471-5767x124
804,fc53ce8e-f6bc-4ab6-86ed-fe5521b65f81,Michele Lindsey,pattersonchristine@example.net,340-244-7786x2538
805,a66b72e1-0a08-4cd9-b6a1-cee1bebb8701,Wesley Miller,powersamanda@example.org,249.497.2248x77155
806,35d8a30e-e843-4292-b1a1-b864fd1adad4,Jesse Perkins,brittanyhuff@example.net,001-555-848-0564x37484
807,bdff809b-eb91-4f3e-884d-9c412de69add,Dan Mitchell,matajohn@example.org,8055607353
808,2dcf794c-df51-47b9-bb76-33f94dcc9a56,Anna Mcgee,rhondakelly@example.net,(584)318-4338x1492
809,399437df-5439-45e8-8c5a-17e620ea77af,Casey Schroeder,hilldenise@example.org,2443863307
810,92d68476-2116-42c1-bb31-301f37413069,Jessica Smith,rayjames@example.com,+1-412-448-6815x4192
811,6f7a0293-3d7e-4cee-b8a1-09a52bb21df7,Marissa Nguyen,bensonphilip@example.com,001-525-533-7394x1859
812,22bde799-316d-408a-a1b5-9fa79a889261,Krystal Harrell,sbennett@example.com,300.867.7329x9577
813,d2239e24-e46e-421a-b21c-ae5dd656f435,Brent Mccoy,michael63@example.net,764-510-3525
814,8d8a616f-7390-481c-bd52-b7cc7b914802,Sabrina Gonzalez,pamelasavage@example.com,001-402-786-9999x369
815,3a2bbee3-43f3-45ff-bece-b9238d72d8da,Beth Wheeler,gutierrezjaime@example.net,4246066032
816,f5f6d60b-db3a-4ab0-8dea-f8c6a04b450a,Robert Gutierrez,coxmichael@example.net,001-615-251-3224x54059
817,e940835d-ec8c-4dfb-bb38-bcef3ab2c021,Sarah Barr,randall25@example.net,+1-504-991-6328x002
818,4ce304e0-3228-49bc-8e73-aa538fb6fa56,Alyssa Fox,elainechurch@example.org,296.291.3718x6297
819,3513e284-2a6a-4400-b5a1-ca93adb8d371,William Chambers,sanchezjoshua@example.org,001-924-779-4947
820,027b16ed-18a6-4580-8b02-11212f1f2987,Melissa Thompson,mhull@example.org,676.931.9183x065
821,a349f819-a0f8-4dba-b6e6-4474116c4bcc,Heidi Johnson,michaelmason@example.net,001-459-905-0218x7998
822,71ed726a-4d5b-4d8e-87b1-7e9007bc6f9d,Victoria Fleming,david58@example.net,(760)813-6542x48625
823,5822be63-a4bb-4e7a-ae7d-a18bb18d983d,Daniel Johnson,ashley49@example.org,550.591.3832x618
824,4c6104ca-b828-4982-85c7-6d01ec3e0971,Gregory Powell,donald61@example.org,+1-730-393-8655x9845
825,4e563519-edd9-42bd-833f-87189543c279,Joseph Hernandez,lukeallison@example.com,(651)770-8475
826,13907b1f-4a6c-410a-b793-b2771c00da42,Heather Shaw,emilywhite@example.org,844-560-0191x6447
827,08721b14-85cc-4ea8-bbb8-5dd331d9816d,Lance Kelly,smithjerry@example.net,+1-444-273-0213
828,cd886919-4824-472b-811d-97acc5dfd82e,Patrick Parker,xmarshall@example.net,995.312.0236
829,8b20602b-2110-4289-85ba-62c222e2a673,Timothy Grant,gsmith@example.com,(620)381-0327x670
830,727cd9e7-c9ee-4aad-b6dc-54698e9e05c0,Angela Hughes,yorkelizabeth@example.org,647-994-0820x705
831,aaf00d77-f7ed-471a-8113-4fb1f8c72b0e,Ronnie Johnson PhD,petersonmarc@example.net,314-918-1555x79542
832,7e0fca2f-d984-4a88-8507-09e0fc06446a,Eugene Phillips,roger63@example.org,(963)648-2572
833,e4c46c16-109d-4951-b9e7-29b667317d00,Mr. Michael Curtis,laurathompson@example.com,931-858-4203
834,51cc4f27-5be0-4768-b592-f47cec3fe5b4,John Calderon,hjenkins@example.org,764.795.5923
835,6b06b231-a96a-4b70-9e3a-ed45bfde46d0,Robert Roberts,dana40@example.net,(626)625-9222x68269
836,259c3099-db25-43c8-8b1a-dd1aef71cafc,Richard Oneill,adamskaren@example.com,512.255.5025x6048
837,7df90df8-974c-4aa5-9e46-512102c4224c,Christopher Brown,nhartman@example.com,(683)567-0899x4785
838,5863c02a-cee5-491d-b669-278388565ef4,Jennifer Mendez,brownkeith@example.com,264-357-5169
839,968b25e7-ac1f-4528-bf69-612e7647a8a9,Robert Johnson,feliciaperry@example.net,455-389-3772
840,549c8e19-737e-4775-a9dd-ae41d7fadd68,Elijah Fowler,laurenmcgee@example.com,217-267-5181x5510
841,4b405193-073d-4120-845c-a4ad41d05b1d,David James,bmiller@example.org,5324086514
842,34a9d437-e4be-42ee-9f42-abd70b6dfb54,Jose Perry,lisastone@example.net,752-988-4951x9536
843,ba0b225c-e17a-4547-92dd-16ab13f89081,Abigail Glover,omoore@example.org,(801)394-2402x283
844,87365edd-301f-4431-b2e6-82b4a40d3897,Tara Coleman,kellymoore@example.com,+1-970-617-8876x00858
845,0f391378-80ff-47b9-a2b8-eb855083092e,Rebecca Chen,ihall@example.net,283-936-7792
846,291ab4ac-f6c2-4d26-8dcf-250c470178d2,Steven Parker,jenkinsgregory@example.org,(704)507-8556x7522
847,ca633268-29e5-4538-98a2-1e470b0c15ea,Kelli Harrington,tgarza@example.com,001-207-834-4963x466
848,e16ccc6e-3886-4257-bbfb-85311d564531,Robert Ross,joebaker@example.com,001-681-889-9957x01799
849,cd93f071-ce93-41fb-b1a8-bae559ee5bfd,Erika Davis,austinlawson@example.org,001-291-841-4434x14708
850,cb4ac584-0397-497f-af86-9fb3bb3e4ae6,Megan Watson,morrisadam@example.net,9208752462
851,a31b808d-faa5-415c-9d1b-176d0b5cd08d,Ian Williams,laurawilliams@example.com,(835)600-2551
852,9681e1c1-caf0-4cea-8733-7664467c61b5,Alexis Stewart,millerjerry@example.org,2629410056
853,3f38c81b-46bd-4f72-b840-48d04fdc7387,Jordan Love,shannon97@example.net,281-233-9535x331
854,89f4659e-27d3-4b9b-9575-0e93e4389a7f,Oscar Russo,jody18@example.com,+1-249-434-7621x25188
855,58fa88d8-5f29-4c14-ad77-370ab892e4ed,Eric Santos,kennethingram@example.com,+1-224-371-8516x25263
856,66c48fbb-1f87-480e-8764-23b5599b3c43,Jennifer Johnston,wangdiana@example.com,+1-420-276-8881x321
857,3a010ada-73ae-45b1-be5f-fc64ddad6627,Charles Fox,turnerheather@example.org,001-359-866-6341x806
858,2a5ca6f1-5864-4297-b2a8-db6cce42a9a6,Christina Diaz,danielanderson@example.org,218.688.1605
859,4b3748f4-aa97-4c63-bdc0-8ca363819578,Shawn Williams,toddtucker@example.net,912-892-6680
860,4beb08e6-c338-4fc6-a6a3-0ad35dd07445,Paul Williams,plittle@example.com,+1-585-547-8191x283
861,ae428d63-cc11-4580-8b9e-ba65cdd382f4,Philip Harris,wwheeler@example.net,001-452-551-6517
862,ca20c917-e942-4568-9998-cee74e60ccc8,Dominic Nguyen,miranda55@example.com,001-200-638-6643x4764
863,8e1cd13b-5724-401b-a43f-5eab13b34932,Jeffrey Lopez,meagan62@example.net,(710)619-2037x867
864,84e1b786-84ef-4a45-9e21-27c1ae296a15,Joan Rich,contrerasjesse@example.org,001-553-325-3879x04290
865,01e02a2a-a581-45aa-bf2e-c5ca61006028,Samantha Thomas,doylejennifer@example.org,8255757866
866,ad357a4b-03d4-450b-9bc0-c8dc5a96e810,Renee Olsen,tharrington@example.net,632-210-7397x735
867,56e41927-5a90-47e5-a0e3-daaa1269e903,Misty Mcfarland,molly03@example.com,(726)760-9313x52351
868,553bfbd8-e4cc-49b8-b8f5-71616e164198,Marcus Fuller,vhammond@example.com,001-918-683-6182x663
869,dc1237ec-f976-469d-ae89-1f466632fbc0,Heather Thompson,allenlisa@example.net,(353)570-2585x527
870,f0b531e3-ee3d-4421-b205-aaf41192dde7,Hannah Bean,wagnermelissa@example.net,001-611-796-1138x1442
871,a96922fc-5658-41f3-b06c-3055699a8244,Kaitlyn Dudley,mcarey@example.com,535-585-4498
872,72080436-90bb-49e4-bc18-d209dd9ae620,Courtney Woods,scottmichael@example.net,248-492-2627
873,2fbb1231-1d2a-4f92-9da7-91c318c78d7e,Jason Kim,flemingjennifer@example.com,001-759-805-4431x06979
874,c4a05e5b-4264-4668-890a-0b88350880aa,Rachel Butler,cynthia93@example.com,(893)422-0580x1560
875,c0c31043-d694-4f27-8ade-89a0929fe4eb,Sarah Stephens,bridget26@example.net,497-487-2068x062
876,e7edfdcd-9734-4818-8ab2-4da652456fb7,Reginald Jones,dbrown@example.org,+1-506-392-3796x20730
877,0a83cc9a-f731-432c-98c7-36df4d40647a,Arthur Johnson,vnewman@example.net,(849)438-9144
878,c965dcaa-ebdc-489d-a507-77a0152dc753,Robert Morgan,yhunter@example.com,832.850.9532
879,2b083b77-1620-42fa-855f-21389656cd03,Chad Anderson,jeremiahjordan@example.org,455.977.6033
880,85cf7519-8795-413d-9783-7b24a0fdca79,Jennifer Miller,markerickson@example.org,001-756-254-6316x9038
881,e76e8150-a75c-4153-9cc8-05616fe35ea5,Daniel Mccoy,xcastillo@example.net,815-542-9036
882,ecd62c77-dfde-4d33-b2fb-905aee76e7e7,Jonathan Cole,cody98@example.org,+1-264-820-8392x640
883,fcdc97fd-7f97-42fe-a493-4e15533a03f6,Natasha Kelley,mcmahondana@example.net,+1-294-572-1896x2984
884,7f27bff9-44d4-4e64-9daf-e339e5f54731,Sarah Curtis,michaelsmith@example.net,001-398-366-7163x7028
885,bf00da67-0348-489a-80ba-8195cca1ba49,Eduardo Washington,christina87@example.net,2326682112
886,ffbad057-8416-4a39-8a33-51a1657ed975,Joshua Davis,tyler05@example.net,+1-712-291-9891
887,ad79e4e0-46d6-4086-abf8-c77876700bf0,Philip Taylor,christine79@example.net,001-318-346-8251x057
888,f8d525dc-9d7d-4f29-80ee-2d02fc67e101,Jordan Woodward,nicholas52@example.net,986-643-7559x91027
889,b4b515ab-e84c-4590-8d7f-c0d40f9243af,Mary Stanley,weekschad@example.com,826.487.2500
890,634fa501-b9a2-456c-8375-72d5d687e944,Alex Johnson,katherine02@example.com,+1-732-409-3729x7457
891,295cd432-e8b4-4fbe-8f31-e7d5afb0dd7c,Daniel Mccullough,ppeterson@example.net,681-594-7637x41567
892,277df3cc-9f73-4fae-b63f-4818c2368f87,Jacob Carrillo II,browningsamuel@example.net,(955)543-2244x90290
893,3a1ecb4f-ea1e-47a7-87a1-b0c700154367,Jennifer Villa,epeterson@example.com,+1-988-882-3186x97332
894,8dd8d424-00f0-4b50-897e-13142e5e87d9,Valerie Russo,jamesjennifer@example.net,(812)788-2250x42086
895,2d1e1924-852c-45f3-b42d-db2f343f23c1,Lori Hamilton,aaronrowland@example.net,(856)205-0923
896,a521a850-8dff-433c-957e-a3bb0ced295c,Daniel Taylor,zramos@example.net,245-518-3601x65172
897,dd9c2783-227d-49e2-a5dd-34d375895342,Nicolas Tucker,lisa76@example.com,001-310-358-7965x88844
898,29845597-58fd-4a62-94c2-5dd9dbea078c,Joyce Diaz,amanda70@example.net,001-954-557-1783x225
899,ac0aa080-6e39-4850-94a1-94f5857f1dd3,Pamela Nguyen,jameslittle@example.net,+1-493-539-0594x86358
900,1af75c98-6cb6-420e-aeab-1cbaa8730fe3,Dana Boyd,heathermills@example.com,585-723-0423
901,6e15f44e-516c-4e1f-aca2-caf68b94e8c3,Stephen Cross,martinezchristopher@example.net,774-986-7317x53684
902,61566a06-3c20-4aed-8b19-044f759ab2f9,Gregory Thompson,aguilarstephanie@example.net,(772)488-2421x22702
903,42915a60-3d6b-4777-bd6b-d48dbd246112,Derek Moore,christopherlam@example.net,001-955-361-3963
904,d54fcfab-a180-4fe2-94f3-f280f35d1f4d,Mr. Jimmy Copeland Jr.,jamespeterson@example.net,001-401-803-4987x5742
905,5d632b1c-4e76-43ef-b2a0-5ed110578ffd,Andrew Palmer,kerry57@example.org,729.885.9516x918
906,ccfe13c7-9550-453a-9bd1-14063d1f3f1e,Candice Arnold,john34@example.com,001-547-394-0374
907,90bb5506-112e-41cf-80de-89cb9a02c53f,Linda Armstrong,kgreene@example.net,(512)384-5612x702
908,8776f5c0-1414-441b-a765-b8c14dcc849c,Lance Hart,susanmosley@example.com,821-900-6869x0960
909,67efa4dc-3501-45bc-883a-b4263739d459,Robert Sanchez,kennethacosta@example.net,+1-209-522-2870x81323
910,1ea66855-3334-4783-8407-ebed2857de3d,Michael Barker,njohnson@example.org,615-545-4752
911,2d2b97bb-4806-423b-99e1-ac86c0c7fc95,Brandon Mason,mooreashley@example.org,+1-735-934-4855x77527
912,9b5988a4-1625-4c56-9f3c-f45c3eccfa98,Denise Harris,tannercharles@example.org,001-358-858-2344
913,3e0dde05-82de-4266-b0a0-39b53ab17faa,Thomas Jackson V,melissa94@example.com,6036115166
914,52df2a5c-d6b2-4606-aaa0-3843f3bd67f4,Danielle Roman,jesse78@example.org,+1-950-634-6394
915,df5f3850-022d-4f79-9265-2aeca23218fe,Caitlin Simmons,gilbertearl@example.com,(946)393-0095x8610
916,568ffe94-205a-4dd0-85e2-6f9796d6143b,Daniel Richards,mrobbins@example.org,+1-700-422-6883x46277
917,00dc9d81-1bf6-4317-bc54-87b1e4970f7d,Danielle Watts,adamclements@example.net,652-623-8543x316
918,40d490ba-383d-4bae-97e7-fcdbcbf0f829,Michael Ford,harriskristina@example.org,(968)528-3515x01077
919,3655e56c-96c3-4778-8485-49a8e6b2feb3,Yolanda Livingston,crystal68@example.org,(970)899-0957x2931
920,989432c7-bea3-4869-a015-73e2c7bfca6c,Marie Mueller,angeldalton@example.org,945.617.3759x9513
921,dca8315d-42fa-4d2c-9fe3-287409c2b0e8,John Sanchez,ruth18@example.net,708-273-5516x420
922,415c6e2d-c2ec-4a84-a453-1234c95fc808,Bobby Patton,christopher19@example.net,(740)593-7336x52164
923,ada47bed-bbba-43d7-beb1-eac3dfa2851d,Andrew Sheppard,yrandall@example.com,(606)326-8168
924,aa8d5cfc-0b8e-41b2-9888-ec6f8297e7b3,Kevin Martin,bgarza@example.org,+1-651-851-5635x7179
925,23cd9fb6-9c4d-4013-bcf0-37c3082fcbcf,Craig Mclaughlin,waustin@example.org,632-899-7242
926,c9893ed3-6dd8-44a6-a9ed-15a81095cba9,Julia Hall,davidmann@example.net,(876)726-4410x272
927,7e7873cb-cf35-42b6-b6b2-bc084499fc83,Stephanie Bailey,jgoodman@example.com,901.985.0710x00632
928,0a28135d-9d70-4761-9957-2c462d26c5f6,Tracy Adams DDS,nicholas05@example.org,829.958.6806
929,34026150-71fd-44cc-90e2-a4de998fb2b6,Jessica Cooper,mikerichardson@example.net,965.688.9333
930,5a1c64c0-cdc0-4efd-ad0a-e2c2f7da39e0,Ryan Cook,johnsonnoah@example.org,590.413.3812
931,0b054fc5-07c9-4534-9c9c-5387d4a30b4c,John Walters,kathyharper@example.org,001-483-916-4559x1388
932,81fa018b-1101-4a4e-927b-15e6fd1a4912,Jeffrey Melton,amorris@example.org,001-295-204-3639x34822
933,40043bf0-f1a3-408e-9567-405ee98de9e6,Nicholas Fisher,glennrowland@example.org,(271)478-6289
934,07cd8be0-2bda-4b37-87f5-0b751b8ff246,Katherine Lamb,rjohnson@example.org,4556040800
935,5a577428-7f5e-4f64-abd6-1b8ba54653e7,Joseph Robertson,amandaroberts@example.net,(888)501-0047x09954
936,dda03f79-1295-40f0-aa35-b9574df7b96d,Elizabeth Hart,brycebrock@example.com,346-215-9505x347
937,23e30ddb-66bf-4d4e-8eab-94393d90313e,Anthony Montes,louis06@example.org,(864)738-0642
938,b6991c09-d92e-444c-bae9-e6a3a7d4e1be,Mariah Maddox,holly21@example.com,203-762-3611
939,8f26050d-2b8d-4c25-81b2-fb68aedf943a,Veronica Juarez,brittany50@example.org,648.242.6875
940,11dedc14-30a4-411b-a433-6f90a45d3fd7,Brenda Blackburn,elijah29@example.org,899-361-7894
941,0617afa9-e03b-4f9a-9948-aa658a0f3608,Desiree Shepard,cassandraparker@example.com,239.542.5561x43683
942,3e1f0c7d-21cc-4640-bd31-ebbc172d3071,Patrick Cantu,buckkaitlin@example.com,+1-601-255-8958x78572
943,ff7c5eb4-a3e9-46ba-a340-7e6f845cd211,Jennifer James,garciajustin@example.com,(677)924-4451
944,4254d656-d8fa-4e92-9c79-871b1357b6d7,Ashley Jones,cruzhannah@example.com,703.391.9757
945,1701a9d4-e39e-4829-ba56-19275a277aa7,Tracy Vasquez,briannacarter@example.org,5777707649
946,924b93e2-15b1-4d20-b7ac-fd8b585ec043,Andrew Martin,kristymartinez@example.net,908.811.3390x32924
947,e945c902-9c7f-46a9-b575-cc820420524e,Misty Stewart,christopherhogan@example.org,708-623-9687
948,2645b21a-225e-4ab3-8679-ca17d0179581,Sean Jones,melaniebryant@example.org,+1-552-997-2276x558
949,60a2e38d-f42a-4461-8cf6-ce3a79a01309,Lori Thompson,jessica99@example.com,733.408.8750x90729
950,f70880df-647c-41cd-8c7b-50c16a3c0b71,Jessica Armstrong,princemaria@example.com,(559)567-6915
951,636f3c76-222c-44b1-8550-4870c9d642f4,Mason Moreno MD,garciahenry@example.com,631.820.8793
952,bf04bdd4-7e4c-491a-bbd5-1c1b4a3425b5,Steven Moore,kjohnston@example.org,7933207272
953,cdc4d4cc-1a81-46c4-adc7-d932bf1d55f9,Elizabeth Smith,jose48@example.net,825.730.2544x993
954,57daa202-b398-4fe6-9e07-48143efa7f1e,Kimberly Robinson,ronaldpena@example.net,9849685729
955,b59a06dc-7ae4-4971-a3a5-815e471bd031,Michael Delgado,ramseythomas@example.org,001-242-386-8992
956,b07de7c0-762a-43d6-b374-71b7aee8432a,Kathryn Ballard,william27@example.org,+1-771-851-8214x9782
957,ff4c513c-a1d3-4063-9f26-a098312540a4,Tim Martinez,ymiranda@example.net,648-462-3532
958,9ce3eeb4-382f-4c7d-ad73-fab6a8c8bcb8,April Ford,wayne33@example.org,546-862-4742
959,bbc1e714-a96d-4b89-9d60-c41e3da07536,Justin Perez,paul74@example.org,304.584.3329
960,8a5409d1-817c-46d6-9ab6-f4051dc9979b,Bethany Hanna,wroy@example.org,001-859-413-3090
961,fc8977ca-1023-4ac4-aafa-f6d1c814b114,Jacqueline Fowler,cookjohn@example.net,762.697.7670x5653
962,0a751316-95a9-4212-9522-d4b2c35981a9,Dylan Obrien,jonesamber@example.com,771.706.3590
963,f64026b4-8c05-4842-b143-7f1aa399e9bd,John Mcgrath,griffintravis@example.net,364.906.7238
964,a606c4e4-ce99-4651-bfa7-fb1bc7e6d797,Charles Bennett,lisapowers@example.net,408-212-1593x0462
965,06bf0aa4-a0ca-4c72-8efe-161be1fc8f1f,Elizabeth Day,ramseybrian@example.org,001-494-823-5974x63644
966,66c5779d-91db-4cb9-bb19-ca78be53c75c,Jessica Jimenez,scott91@example.com,(944)500-0780
967,9dcba177-2f1f-4c94-b0b0-7fb3877631b7,Michael Ross,aweber@example.net,672.313.6406x90861
968,666fe460-3895-4d86-8486-03338dfcd7ad,Bradley Bennett,william47@example.net,810-821-0163
969,71872add-2cd3-4910-aa17-9bd38ef1588b,Dakota Collier,hfoster@example.com,+1-988-745-2190x03347
970,70588e07-95de-41fe-8c8d-0ac798008e98,John Williams,jonesmichele@example.com,367-341-9249x48706
971,de81f55e-b2ed-476d-958b-bc89545360b7,Lynn Delgado,horozco@example.net,5437293070
972,358b8fa3-c553-46e8-9dc0-3e74f080cfc2,Jill Bowers,brittneygould@example.net,779-980-6332x382
973,7a0ddd8f-228b-4b1a-ae8f-1440c2d9d240,Ashley Garcia,sarah27@example.com,440.439.4660
974,074392ca-0f19-419c-a487-03d05ba62b6a,Barbara Ross,aliciawest@example.com,278-435-0700x458
975,b2b56a92-3bd7-499a-8551-7a7182636e87,James Richards,frodriguez@example.com,911-803-1603x4750
976,bf7eb657-efb4-44ed-b020-1754b9ac1752,Elizabeth Brock,tsantiago@example.net,279.411.3248x210
977,a6dd65df-aaff-43b1-8cee-d73806dd3ff6,Jasmine Brown,leslie26@example.org,373.709.6808x82837
978,d7fc000f-d6cf-45c5-864e-ca2498b30e57,Rebecca Curtis,ysteele@example.com,677.490.1108x2324
979,a9789c14-abb7-4862-b21c-3812af4ad0f8,Susan Todd,dylanbaker@example.com,284.879.7918x3018
980,e3966427-63e0-4715-b211-573070c44366,Heather Gibbs,arnoldrichard@example.org,582.290.9915x377
981,07c2235c-c51f-455e-9328-73be4ed267d2,Lisa Baker,perezcharles@example.org,4635951711
982,0698b92e-b6e4-4c88-baf8-d97f82607e27,Sherri Davidson,juan07@example.com,(253)969-8270x322
983,3d47b751-3f32-4ff9-8e70-ff6199abb02e,Stephanie Williams,lsmith@example.com,001-264-849-8607
984,f895b73f-40f2-4d94-8a6f-e1f14c74118c,Alexandra Ellison,jeffwoods@example.net,417-685-4007x04180
985,2186630e-c1c8-4814-ab6c-2b8984b486a1,Amanda Vasquez,lgarcia@example.net,+1-287-726-4400x88048
986,3d6cec12-dd9f-40c2-a36a-34cbc6740d5d,Sydney Rosales,jenna55@example.org,275-261-2182
987,5b626dc9-909b-400d-bc3c-57b2baabc8d9,Scott Williams,whitegary@example.net,402-365-6954x3982
988,b13c0c34-a81c-419c-88be-f594582a03f3,Ashley Walters,joel69@example.com,+1-229-468-9290
989,64d3fc65-96d9-4710-8197-a0193ef601ab,Carolyn Delgado,imartinez@example.com,001-396-928-3702x2514
990,12347832-82f5-43e6-a85f-0a39ab87ba23,David Powell,kemptina@example.com,751.250.1331x4180
991,84593e79-62d8-4add-a608-ad1f5aa594cd,Brittany Clark,ucontreras@example.org,001-476-609-7650
992,b62f5eec-b9ee-4db9-9553-026e4cd408a5,Christopher Stout,danielslori@example.com,664.907.4339x73407
993,2d01132a-232d-4819-ab54-04bb1cb28bae,Jeffery Henderson,rosescott@example.net,397-453-4574x59696
994,d8c4bdaf-b3b9-4b1d-af71-6e263f16ec53,Dr. Christopher Stein,kevinhammond@example.net,001-255-310-7139x94225
995,e27a0391-cdd2-46f0-8cfa-37eecce5b413,Susan Pham,edward86@example.com,326.356.3562x54986
996,54208b75-ba90-4d36-9d4f-d9895eaece7d,Craig Guzman,joshuaowens@example.net,591-424-0724x619
997,f2ea9536-d836-4f0f-bd6b-43df66416951,Shelby Marquez,natashathompson@example.org,(579)827-4637
998,83a462ac-aa6c-4d79-9651-22e99385225c,Margaret Odom,bautistabrittany@example.net,+1-612-503-9504x252
999,9ff0ec79-3fe5-4fec-8968-83ecb2c58906,Sean Sanchez,sarah10@example.net,(306)713-8274x57635
